3.365728470370076764e+01,6.258890264646329804e+00,3.673590087890625000e+01,1.458378672599792480e+00,2.467870414257049561e-01,4.625173091888427734e+00,9.145356178283691406e+00,1.368006467819213867e+00,1.829072893893840401e+01,1.102833762117054084e+00,3.366576701716373066e+01,4.100435180664062500e+02,2.123991394042968750e+01,3.670734167098999023e+00,1.676264667901907313e+00,3.257259803834338641e+01,-1.201701983809471130e-01,1.708451695077791044e+00
3.147859061149492987e+01,6.199046485992986355e+00,2.880948257446289062e+01,1.064333915710449219e+00,3.764443397521972656e-01,3.352036714553833008e+00,1.005864906311035156e+01,1.332754611968994141e+00,1.501690669617074292e+01,1.060281588979389289e+00,3.081607994666466510e+01,4.664069519042968750e+02,1.949678993225097656e+01,3.723794221878051758e+00,1.697939265445527646e+00,2.637830039820112304e+01,-3.584644198417663574e-02,1.518075741529571143e+00
2.684236270055933460e+01,7.793934530869756294e+00,3.061240386962890625e+01,1.076672196388244629e+00,3.362973928451538086e-01,2.272245645523071289e+00,1.010244941711425781e+01,1.313136696815490723e+00,1.616053017934866531e+01,8.193773426439451280e-01,2.901302318412716730e+01,4.328382263183593750e+02,1.728713226318359375e+01,3.336444377899169922e+00,1.635111018585001075e+00,2.869884169925622430e+01,-2.821520529687404633e-02,1.506634489307004721e+00
2.539177368488782705e+01,5.146435687561623951e+00,3.213930130004882812e+01,1.181195378303527832e+00,1.976514160633087158e-01,2.002335309982299805e+00,9.319614410400390625e+00,1.298621416091918945e+00,1.484485784795002239e+01,7.419247018254321313e-01,2.468182758409149713e+01,3.797351989746093750e+02,1.589646339416503906e+01,3.422703266143798828e+00,1.514275391514236180e+00,2.834396052993929160e+01,-7.631350308656692505e-02,1.383261766975048435e+00
2.222034956155226126e+01,6.919572633424905028e+00,3.420581817626953125e+01,1.276878356933593750e+00,2.763276398181915283e-01,2.351759672164916992e+00,1.047513198852539062e+01,1.376399874687194824e+00,1.260698124396073894e+01,7.799716326205626826e-01,2.357133717690744845e+01,4.844004211425781250e+02,1.853780937194824219e+01,4.191824913024902344e+00,1.659292674415935087e+00,2.414166566279656578e+01,-1.370633486658334732e-02,1.432468123467433241e+00
2.208868668770048771e+01,7.356152809266919945e+00,3.499977493286132812e+01,1.309890747070312500e+00,8.657165616750717163e-02,2.391476631164550781e+00,9.716265678405761719e+00,1.266496777534484863e+00,1.014954048207728121e+01,5.059225270929543772e-01,1.441069828033447209e+01,3.193232116699218750e+02,1.507140159606933594e+01,3.622914552688598633e+00,1.608937156604721475e+00,1.581258075105724892e+01,-1.972268074750900269e-01,1.239266771085199004e+00
3.561921064078654808e+01,9.484438049032425155e+00,2.446701812744140625e+01,9.836454391479492188e-01,4.259384274482727051e-01,1.886595249176025391e+00,1.015207004547119141e+01,1.438814520835876465e+00,2.003624288715429813e+01,9.177299880463144488e-01,2.740352699833531602e+01,4.619096679687500000e+02,2.083291244506835938e+01,4.096078395843505859e+00,1.877929011144215066e+00,3.044269499433745096e+01,6.082484498620033264e-03,1.476428290726045978e+00
3.622788484389090513e+01,8.084579421871865179e+00,3.155418586730957031e+01,1.314913988113403320e+00,3.153062760829925537e-01,2.730227470397949219e+00,9.640183448791503906e+00,1.438996195793151855e+00,2.221380702524842121e+01,1.013347641929336129e+00,2.914165086888555223e+01,5.079995117187500000e+02,2.030094528198242188e+01,4.162861824035644531e+00,1.860683543793668404e+00,3.445770312919031397e+01,-6.872396916151046753e-02,1.560138915332573317e+00
4.196916703273893035e+01,6.513195049745587717e+00,2.426505279541015625e+01,1.160240650177001953e+00,2.538423240184783936e-01,3.395060539245605469e+00,8.954903602600097656e+00,1.406844854354858398e+00,2.133998249507621381e+01,1.518538160168606321e+00,3.804781765407986427e+01,3.974187927246093750e+02,2.569591331481933594e+01,3.853591918945312500e+00,1.800550743106916762e+00,3.260377932637412357e+01,-9.150356799364089966e-02,1.773821750340141445e+00
2.809206614502433652e+01,9.706538510376878648e+00,1.541014003753662109e+01,5.620507001876831055e-01,4.805880188941955566e-01,1.483519315719604492e+00,1.118631935119628906e+01,1.276614904403686523e+00,1.307934607578102870e+01,8.587285208961238370e-01,3.308308216441761118e+01,4.802354125976562500e+02,1.830612754821777344e+01,3.449544191360473633e+00,1.826951182886216607e+00,2.437878297611182177e+01,3.746633604168891907e-02,1.612910095976243463e+00
2.689394652991470025e+01,1.092109141672488093e+01,2.799912452697753906e+01,1.067971706390380859e+00,4.606241583824157715e-01,2.118306875228881836e+00,1.123814678192138672e+01,1.378257036209106445e+00,1.329257402585877124e+01,8.344732633103495445e-01,2.709537212126845773e+01,4.849803771972656250e+02,1.967473983764648438e+01,4.316761970520019531e+00,1.803634850969094705e+00,2.564999204399726196e+01,8.258255571126937866e-02,1.497404410692448895e+00
3.333217883783114388e+01,1.147464179668114426e+01,2.253097915649414062e+01,8.284894824028015137e-01,5.271779298782348633e-01,1.900972366333007812e+00,1.140141296386718750e+01,1.375141501426696777e+00,1.520046139614044378e+01,9.288763948108839097e-01,3.046534986174508575e+01,5.723302612304687500e+02,2.080672073364257812e+01,4.030201911926269531e+00,1.922101550243351387e+00,2.843642831694993944e+01,8.828303962945938110e-02,1.603599349203935764e+00
3.290793270784257629e+01,1.215189564635148756e+01,2.710240745544433594e+01,1.010939717292785645e+00,4.889149665832519531e-01,1.951958179473876953e+00,1.125561714172363281e+01,1.344631910324096680e+00,1.682716746591419721e+01,8.624447350916655264e-01,2.971144226269844424e+01,5.293328857421875000e+02,2.015388679504394531e+01,3.868178367614746094e+00,1.912252107990530137e+00,2.645441151292731874e+01,8.466786146163940430e-02,1.586432404814007713e+00
3.313495313569818990e+01,1.283683095906101812e+01,2.899114608764648438e+01,1.084891438484191895e+00,3.785510957241058350e-01,1.834247469902038574e+00,1.090861225128173828e+01,1.404199838638305664e+00,1.105824809805410958e+01,7.466369718313217163e-01,2.447182796070876520e+01,5.292779541015625000e+02,1.939365959167480469e+01,4.159336090087890625e+00,1.829167238250569483e+00,3.103393351286762680e+01,-1.228368096053600311e-02,1.409757451943881801e+00
2.666998926599379161e+01,1.130647346486637161e+01,2.386289787292480469e+01,8.862270712852478027e-01,4.041496813297271729e-01,1.655060648918151855e+00,1.109241485595703125e+01,1.319532632827758789e+00,1.177296234262516883e+01,6.445467601651730938e-01,2.716541282993972573e+01,4.870519104003906250e+02,1.900260925292968750e+01,3.862325906753540039e+00,1.751026374815659370e+00,2.457731963869756697e+01,4.762036725878715515e-02,1.457857679605164769e+00
3.046969392620736983e+01,1.265182842877690206e+01,2.524824142456054688e+01,9.502784609794616699e-01,4.014260172843933105e-01,1.680308580398559570e+00,1.116954994201660156e+01,1.422919988632202148e+00,1.238190842221044718e+01,7.856175718100174565e-01,2.648388209540723182e+01,5.218493652343750000e+02,1.911808776855468750e+01,4.221443176269531250e+00,1.813930150221439108e+00,2.900659123949024121e+01,4.327490180730819702e-02,1.477530838256557955e+00
3.027183411002530278e+01,1.245275921086192383e+01,2.473240661621093750e+01,9.480177760124206543e-01,3.996026217937469482e-01,1.728114247322082520e+00,1.109625244140625000e+01,1.429326772689819336e+00,1.482848507931521453e+01,8.251966471257417002e-01,2.621378782391548157e+01,5.198090209960937500e+02,1.869355392456054688e+01,4.188002586364746094e+00,1.787987140336201541e+00,2.902111856592910044e+01,4.575852304697036743e-02,1.502241048136010670e+00
3.440367167201146970e+01,1.289493224006766781e+01,2.942247009277343750e+01,1.152599215507507324e+00,2.783007621765136719e-01,2.183520555496215820e+00,1.040905857086181641e+01,1.410253047943115234e+00,1.338121231440556613e+01,7.174274765926859088e-01,2.210666691299772779e+01,4.913996887207031250e+02,1.824446296691894531e+01,4.060571193695068359e+00,1.766165142281934219e+00,2.599730780414886766e+01,-6.096275895833969116e-02,1.426187507157564927e+00
2.728841133062018542e+01,8.394745804013133750e+00,3.178273200988769531e+01,1.213543176651000977e+00,1.695121228694915771e-01,2.143143653869628906e+00,1.034859371185302734e+01,1.390637159347534180e+00,1.432343036782640411e+01,6.961256531269653935e-01,2.107127255201339722e+01,5.103589782714843750e+02,1.752691459655761719e+01,4.041459560394287109e+00,1.681567024100532937e+00,2.546456370950181736e+01,-6.654158979654312134e-02,1.408665131631449130e+00
3.329795058961990861e+01,1.062805478921390190e+01,2.450807952880859375e+01,9.715064764022827148e-01,4.000230729579925537e-01,1.847508907318115234e+00,1.051792716979980469e+01,1.427494764328002930e+00,1.464913449861342087e+01,8.044579981461815743e-01,2.389987963018283068e+01,3.748796081542968750e+02,2.036838531494140625e+01,3.943295240402221680e+00,1.849814607461928606e+00,2.675405760877765715e+01,-3.016177006065845490e-02,1.411205078364341725e+00
3.355216042210664540e+01,1.152947001917546999e+01,2.810658264160156250e+01,1.084779620170593262e+00,4.594760239124298096e-01,1.897435426712036133e+00,1.056384849548339844e+01,1.403167724609375000e+00,1.335109438414292526e+01,8.647321423758631553e-01,2.463273420929908752e+01,4.499375610351562500e+02,2.141594696044921875e+01,3.941972494125366211e+00,1.850410689403839681e+00,3.009686601285769214e+01,-1.047873962670564651e-02,1.433693766421229476e+00
2.931866956870881680e+01,1.117144703214902357e+01,3.170182991027832031e+01,1.141727566719055176e+00,4.394758939743041992e-01,1.867685675621032715e+00,1.062024307250976562e+01,1.333160042762756348e+00,1.178323793341111703e+01,8.204606726117755766e-01,2.421287357445919142e+01,4.884861755371093750e+02,2.120827484130859375e+01,3.788123369216918945e+00,1.798624569522861094e+00,3.021969335455026595e+01,-2.246756479144096375e-02,1.446030346137963774e+00
2.573194743880839397e+01,1.051050716856079426e+01,2.717808151245117188e+01,9.730622172355651855e-01,3.955385684967041016e-01,1.447837233543395996e+00,1.081703090667724609e+01,1.311229348182678223e+00,7.745982926053963880e+00,6.952719928129859062e-01,2.247698843756387532e+01,4.961943054199218750e+02,1.936292266845703125e+01,3.631992816925048828e+00,1.658075512381499417e+00,2.617404194087464120e+01,-4.574524238705635071e-02,1.332641983477336867e+00
2.638130023342512942e+01,1.068902347590618618e+01,2.946259880065917969e+01,1.051295995712280273e+00,4.197963178157806396e-01,2.031190156936645508e+00,1.089554691314697266e+01,1.304481267929077148e+00,1.094343767825531977e+01,7.579734448505484057e-01,2.441422311334662254e+01,5.181810913085937500e+02,2.225129508972167969e+01,3.587182283401489258e+00,1.718182388741242184e+00,2.829564068823304623e+01,2.454596385359764099e-02,1.554531965596881005e+00
2.513344025733855247e+01,9.737283282829814368e+00,2.592901039123535156e+01,9.406063556671142578e-01,3.903076350688934326e-01,2.226755142211914062e+00,1.087206554412841797e+01,1.294165492057800293e+00,9.768397899871416712e+00,6.709608480982158785e-01,2.298099375993777471e+01,4.346142578125000000e+02,2.113853073120117188e+01,3.543314456939697266e+00,1.646561481550479655e+00,2.576208455696663080e+01,8.676753193140029907e-02,1.686622937266816225e+00
1.913887540255860387e+01,8.861775710164035758e+00,2.634338760375976562e+01,9.574918150901794434e-01,3.527266681194305420e-01,1.870255708694458008e+00,1.037439823150634766e+01,1.256008267402648926e+00,5.252859073026818315e+00,5.531202600054119234e-01,1.837645387088551274e+01,4.619539794921875000e+02,1.974186706542968750e+01,3.409365415573120117e+00,1.487351002730026073e+00,2.103628335211097422e+01,4.608842730522155762e-02,1.392164023590238164e+00
2.346164694634610370e+01,8.827787769253529149e+00,2.473732757568359375e+01,8.735299110412597656e-01,3.603041172027587891e-01,1.378589630126953125e+00,1.063739013671875000e+01,1.236167788505554199e+00,9.198785671818182408e+00,5.852479993001274972e-01,2.388545186087589300e+01,5.283823242187500000e+02,1.761961555480957031e+01,3.218070030212402344e+00,1.579644996322921768e+00,2.435856491535895785e+01,-2.484795637428760529e-02,1.394365522371280530e+00
2.426885106126173852e+01,9.822711188656832348e+00,1.478065109252929688e+01,5.162671208381652832e-01,3.667132556438446045e-01,9.464209079742431641e-01,1.129642963409423828e+01,1.194230675697326660e+00,1.193880289264407679e+01,5.712966173887252808e-01,2.825004648607830759e+01,4.438852233886718750e+02,1.683372688293457031e+01,2.870763778686523438e+00,1.630669403969127629e+00,2.340136157662125882e+01,5.279721319675445557e-02,1.576249746544867492e+00
2.756502559039504163e+01,1.031752129631411741e+01,1.894383049011230469e+01,6.618275046348571777e-01,4.780614972114562988e-01,1.258099675178527832e+00,1.158921146392822266e+01,1.234158039093017578e+00,1.517630506866186302e+01,6.434670220250668926e-01,2.932352052218672256e+01,5.438918457031250000e+02,1.752671623229980469e+01,2.965620756149291992e+00,1.780194841524763705e+00,2.580898673310741032e+01,4.880735650658607483e-02,1.536060825932048512e+00
2.520784711899396413e+01,1.077481137695104962e+01,2.741349792480468750e+01,9.548450112342834473e-01,3.531221151351928711e-01,1.497604489326477051e+00,1.070842361450195312e+01,1.287959814071655273e+00,8.077360032776804033e+00,5.645247811208600197e-01,2.382823477293315761e+01,5.048378906250000000e+02,1.794656181335449219e+01,3.748912096023559570e+00,1.662928240966313753e+00,2.541011962796849488e+01,-1.145905163139104843e-02,1.341775773347906542e+00
3.727144189300512522e+01,1.059362669184658756e+01,3.024398803710937500e+01,1.224937677383422852e+00,5.183588266372680664e-01,2.489356040954589844e+00,1.067094612121582031e+01,1.447265267372131348e+00,1.687642937301591672e+01,1.122480821350346547e+00,3.039101466224306947e+01,4.347171325683593750e+02,2.151388549804687500e+01,4.458560943603515625e+00,2.014363299308463695e+00,2.883782041734195190e+01,1.432295143604278564e-01,1.794610503570120530e+00
2.599717835652907993e+01,1.095513597291576957e+01,3.036384201049804688e+01,1.073071479797363281e+00,4.265577793121337891e-01,1.980234622955322266e+00,1.113959217071533203e+01,1.317495584487915039e+00,1.137809228354962521e+01,7.264917603005534019e-01,2.793245558782454907e+01,6.020999145507812500e+02,1.922210693359375000e+01,3.857737302780151367e+00,1.761032643152399269e+00,2.255393685107097923e+01,1.234297454357147217e-01,1.615834529573171752e+00
2.352873484849082786e+01,1.121415560480162910e+01,2.188237571716308594e+01,8.028072714805603027e-01,3.620784580707550049e-01,1.656756281852722168e+00,1.122005844116210938e+01,1.294299721717834473e+00,9.022816942322256395e+00,6.425279923107313218e-01,2.613230262546364457e+01,4.764074401855468750e+02,1.858158874511718750e+01,3.677212953567504883e+00,1.675454444152008060e+00,1.793216598934682082e+01,1.409416496753692627e-01,1.649813768359273514e+00
1.965965757180491025e+01,9.095764060557414155e+00,2.082394599914550781e+01,7.234466075897216797e-01,2.981364130973815918e-01,1.566387057304382324e+00,1.095019721984863281e+01,1.218829035758972168e+00,7.652776363487355127e+00,5.415909559182499056e-01,2.582087568664550759e+01,4.658419189453125000e+02,1.720275497436523438e+01,3.203613281250000000e+00,1.541441617896879945e+00,1.560849674136377807e+01,1.037631109356880188e-01,1.634708796313475876e+00
1.605171874602256210e+01,8.196041023739931930e+00,1.737077522277832031e+01,6.470472812652587891e-01,2.215329557657241821e-01,1.852625489234924316e+00,1.017993927001953125e+01,1.156587481498718262e+00,6.468926233183419860e+00,4.013014558864676506e-01,2.396968936213740520e+01,4.509251098632812500e+02,1.515613746643066406e+01,2.663656949996948242e+00,1.377631938501910902e+00,9.988281955899394049e+00,1.314270794391632080e-01,1.717252752535345595e+00
1.531831835270634734e+01,6.501728690082495987e+00,1.787658309936523438e+01,6.158307194709777832e-01,2.634979188442230225e-01,1.559393286705017090e+00,1.027071380615234375e+01,1.156166911125183105e+00,5.109113024624722499e+00,4.303786356164061577e-01,2.170619822624034612e+01,4.741241760253906250e+02,1.735706710815429688e+01,2.557876825332641602e+00,1.369671149667738952e+00,1.360836906741544716e+01,1.209112554788589478e-01,1.612368236440195002e+00
2.066556237352222425e+01,6.205898552114172517e+00,1.194196033477783203e+01,4.732445776462554932e-01,3.129812777042388916e-01,1.740985631942749023e+00,9.558850288391113281e+00,1.201751828193664551e+00,6.719227591873442762e+00,4.543764931352242131e-01,2.224378536686752739e+01,3.263787536621093750e+02,1.784617424011230469e+01,3.269879817962646484e+00,1.482466494425663806e+00,1.205159148151076209e+01,2.028884291648864746e-01,1.665231198886670372e+00
2.343283825178995983e+01,8.494776488957803906e+00,2.073174285888671875e+01,7.954025268554687500e-01,3.111694455146789551e-01,2.683628082275390625e+00,1.044405269622802734e+01,1.265709161758422852e+00,1.063230526691213917e+01,5.612219675727512236e-01,2.606768942333403061e+01,4.887972412109375000e+02,2.008909034729003906e+01,3.331969261169433594e+00,1.600364608820399770e+00,2.166002007641474592e+01,2.017522752285003662e-01,1.894018116116531703e+00
2.432078148108600857e+01,7.512795805088133605e+00,2.313303375244140625e+01,9.840916991233825684e-01,3.499228358268737793e-01,3.140655755996704102e+00,1.020636367797851562e+01,1.286550521850585938e+00,1.321733396112298031e+01,6.267186720734057026e-01,2.892380345056927382e+01,4.278479003906250000e+02,1.912235832214355469e+01,3.669552803039550781e+00,1.686887443671867270e+00,2.053460414994448868e+01,1.204336360096931458e-01,1.695582905569844367e+00
3.491055904818009026e+01,8.076300061198704583e+00,1.528491878509521484e+01,7.041829228401184082e-01,4.575097560882568359e-01,2.235151767730712891e+00,9.593920707702636719e+00,1.468084573745727539e+00,2.086303160318567862e+01,1.095522526165713328e+00,3.148895298704809065e+01,3.287225036621093750e+02,2.957535362243652344e+01,3.571089029312133789e+00,1.959789454232326644e+00,3.904619573214571204e+01,9.245238266885280609e-03,1.688337612076295180e+00
2.976497059146077717e+01,1.021376208478883640e+01,1.841304397583007812e+01,8.051052689552307129e-01,3.952664434909820557e-01,2.485200881958007812e+00,1.060905265808105469e+01,1.450515508651733398e+00,1.833896790402122789e+01,9.940947631131047402e-01,3.114854768606332769e+01,3.991998291015625000e+02,2.615901947021484375e+01,3.648231029510498047e+00,1.867337247543594092e+00,3.516319947236007692e+01,7.338389754295349121e-02,1.977342399197501654e+00
3.267893872486566664e+01,1.030620452299558920e+01,2.058599853515625000e+01,9.057327508926391602e-01,3.091283142566680908e-01,2.861249923706054688e+00,1.066357135772705078e+01,1.371147513389587402e+00,1.996221147446991040e+01,7.793754818646804194e-01,3.100836686084144844e+01,3.648264770507812500e+02,2.125395584106445312e+01,3.548466682434082031e+00,1.959811153925109961e+00,3.320694894566641864e+01,1.119915992021560669e-01,2.096468268651783706e+00
3.124212508360581708e+01,1.035669730223983365e+01,2.487964820861816406e+01,9.749866724014282227e-01,3.179530799388885498e-01,2.444456577301025391e+00,1.026727867126464844e+01,1.227847337722778320e+00,2.045947716224916491e+01,6.280542080817015371e-01,3.038975933619908076e+01,4.363605041503906250e+02,1.767532348632812500e+01,3.338457584381103516e+00,1.907979278504524867e+00,2.620603695900561902e+01,2.907373383641242981e-02,1.784580304162975750e+00
2.798960795722217298e+01,7.635019573292586514e+00,2.074017715454101562e+01,8.567449450492858887e-01,2.885587811470031738e-01,2.294383764266967773e+00,9.218939781188964844e+00,1.136311888694763184e+00,1.889328315544727133e+01,4.541538675194201069e-01,2.972911607065508477e+01,3.808323974609375000e+02,1.461211681365966797e+01,2.976293325424194336e+00,1.714316065459610128e+00,1.691477499695704978e+01,-8.074367046356201172e-02,1.533370231351354862e+00
3.303525487154492879e+01,7.605882528932780495e+00,2.477151870727539062e+01,1.100815176963806152e+00,4.862463474273681641e-01,2.718469142913818359e+00,1.039161682128906250e+01,1.376175522804260254e+00,1.579757821513339877e+01,1.068253960946331960e+00,3.116900621333592269e+01,4.670197753906250000e+02,1.963389587402343750e+01,4.131242275238037109e+00,2.010000672104141906e+00,2.474855047126766294e+01,1.564733535051345825e-01,1.791106404669327468e+00
2.334270839645006745e+01,8.584107399823729168e+00,2.764461708068847656e+01,1.191672563552856445e+00,2.619751989841461182e-01,2.521157264709472656e+00,9.451693534851074219e+00,1.356800913810729980e+00,7.600947729446680512e+00,6.887901418882867999e-01,2.604510977895636259e+01,5.465801391601562500e+02,1.849312782287597656e+01,4.036050796508789062e+00,1.773148878893071601e+00,1.760373767823789493e+01,1.493325680494308472e-01,1.591563870822093163e+00
2.150355805312215551e+01,8.533628563625889285e+00,1.778222846984863281e+01,6.948888897895812988e-01,2.679404914379119873e-01,1.704163908958435059e+00,9.703499794006347656e+00,1.245032668113708496e+00,8.799386244720054151e+00,6.336733867292818623e-01,2.497229772853100371e+01,4.691180725097656250e+02,1.661080360412597656e+01,3.607457399368286133e+00,1.593069538039432853e+00,1.408952035425564553e+01,1.294476240873336792e-01,1.518054656313404971e+00
2.523232743428991398e+01,8.574896001694076730e+00,1.350048255920410156e+01,5.854295492172241211e-01,3.903084695339202881e-01,1.215588808059692383e+00,1.028953170776367188e+01,1.226766586303710938e+00,1.250720607351243885e+01,7.641541685747064161e-01,2.552995329033838701e+01,3.238996887207031250e+02,1.575245094299316406e+01,3.558398246765136719e+00,1.649756766924607154e+00,1.900995980703418553e+01,1.091987490653991699e-01,1.461464966097001605e+00
1.113519486083494314e+01,4.814373103017072886e+00,1.108280467987060547e+01,4.098598361015319824e-01,1.895078271627426147e-01,1.315592169761657715e+00,9.145810127258300781e+00,1.172808885574340820e+00,2.938606438788907926e+00,4.471638808431832590e-01,1.724679987449345475e+01,3.800918579101562500e+02,1.532638072967529297e+01,3.214362859725952148e+00,1.313633263890638281e+00,5.668110505441262603e+00,1.047596037387847900e-01,1.383703945252307443e+00
2.798986502120072473e+01,8.427441781682389887e+00,1.907047462463378906e+01,7.790832519531250000e-01,3.859622776508331299e-01,1.115334630012512207e+00,1.019198417663574219e+01,1.239915490150451660e+00,1.398976895716126556e+01,8.186650846315466357e-01,2.609098613552930956e+01,4.857771606445312500e+02,1.491384696960449219e+01,3.553288698196411133e+00,1.670811248538897731e+00,2.105680587819334448e+01,2.933239378035068512e-02,1.395101490599043537e+00
2.686270872711619262e+01,8.046770172430129264e+00,2.846740722656250000e+01,1.268047213554382324e+00,3.344402313232421875e-01,1.733597755432128906e+00,9.214895248413085938e+00,1.354958534240722656e+00,1.092574108498256713e+01,9.517884617266447744e-01,2.309098893291545451e+01,5.101596374511718750e+02,1.648740577697753906e+01,4.137828826904296875e+00,1.849530570323697054e+00,2.291677467339399854e+01,6.903869216330349445e-04,1.383608570980967567e+00
2.468795469208087923e+01,7.278398788160096444e+00,2.960546684265136719e+01,1.347271561622619629e+00,2.359550148248672485e-01,1.840640664100646973e+00,8.567825317382812500e+00,1.362747907638549805e+00,9.567996235046130948e+00,7.792065370342006192e-01,2.299205827511815414e+01,5.017140808105468750e+02,1.651496505737304688e+01,3.969553232192993164e+00,1.844919278404049345e+00,2.330492515755740612e+01,1.622698083519935608e-02,1.443965406988160449e+00
2.890026109079810368e+01,8.336197438331465648e+00,1.847569084167480469e+01,8.343277573585510254e-01,4.501294791698455811e-01,2.267784118652343750e+00,1.044028568267822266e+01,1.234402537345886230e+00,1.719997157718869119e+01,9.523713187031124239e-01,3.100717279088427603e+01,5.230802612304687500e+02,1.662247467041015625e+01,3.762393951416015625e+00,1.874326518536922004e+00,2.146784312493094404e+01,9.996455907821655273e-02,1.705135637591012943e+00
2.476799957633506466e+01,7.636583733172801480e+00,1.342903041839599609e+01,5.682734847068786621e-01,3.642507791519165039e-01,9.130974411964416504e-01,9.980204582214355469e+00,1.206585764884948730e+00,1.073589616210159470e+01,7.127876119769137597e-01,2.464154138979704456e+01,4.580207214355468750e+02,1.515098285675048828e+01,3.543519258499145508e+00,1.541268856900259276e+00,1.760099214035005488e+01,3.737881407141685486e-02,1.321758544609709762e+00
1.727116887393604827e+01,6.394227649050723272e+00,1.874957275390625000e+01,8.040310740470886230e-01,3.395337164402008057e-01,1.414644002914428711e+00,9.681893348693847656e+00,1.246815800666809082e+00,5.306780739863425467e+00,6.952450204154719815e-01,1.752180418154088315e+01,4.421313171386718750e+02,1.604040908813476562e+01,3.756522893905639648e+00,1.474299403222589122e+00,1.526267145664527725e+01,4.283279925584793091e-02,1.278857832308833320e+00
1.067935632167737126e+01,3.789390911384249883e+00,2.200179290771484375e+01,9.352606534957885742e-01,1.709558814764022827e-01,1.344174742698669434e+00,8.459602355957031250e+00,1.227524876594543457e+00,3.005867330271030369e+00,6.207881692958914233e-01,1.278894354403018951e+01,3.172076110839843750e+02,1.413696861267089844e+01,3.620322942733764648e+00,1.412158376963116302e+00,9.220719187960639829e+00,-7.498720288276672363e-02,1.175947435940008168e+00
2.100515094682681649e+01,7.911693490427662567e+00,2.056043434143066406e+01,8.543723225593566895e-01,3.671472966670989990e-01,1.235232114791870117e+00,1.007900905609130859e+01,1.238214373588562012e+00,8.512805091836526117e+00,7.423456836005916104e-01,2.075456035137176514e+01,5.234300537109375000e+02,1.539952564239501953e+01,3.912408828735351562e+00,1.585619839240217877e+00,1.389871941015371704e+01,1.269318163394927979e-02,1.317789494053891453e+00
1.859858299932794878e+01,7.237932337696744156e+00,1.287924861907958984e+01,5.395860671997070312e-01,3.557376861572265625e-01,9.135217666625976562e-01,9.544633865356445312e+00,1.211098790168762207e+00,6.936349166668193789e+00,6.713330752175786786e-01,2.054993081647296194e+01,4.834352416992187500e+02,1.435980796813964844e+01,3.708719730377197266e+00,1.585958294598123652e+00,1.072923306775073549e+01,-7.444486487656831741e-03,1.314416926562027799e+00
2.306279408581798762e+01,1.031924085901798627e+01,1.442436313629150391e+01,5.592750310897827148e-01,4.026201665401458740e-01,1.217043995857238770e+00,1.030202960968017578e+01,1.179593324661254883e+00,8.109900385199580342e+00,7.386679066264111304e-01,2.718798710959298148e+01,5.718623046875000000e+02,1.390120887756347656e+01,3.839171886444091797e+00,1.522399947458970670e+00,6.237471724835423892e+00,4.040446877479553223e-02,1.346184926375660895e+00
8.003750370945017067e+00,2.049595752107011393e+00,1.848996925354003906e+01,7.346245646476745605e-01,6.555995345115661621e-02,1.801154613494873047e+00,7.096127510070800781e+00,1.197155833244323730e+00,2.862622358189481631e+00,4.051634010089480431e-01,1.480913463168674049e+01,3.492507019042968750e+02,1.121051788330078125e+01,3.073732614517211914e+00,1.425401878355591734e+00,2.337888999932652645e+00,-1.176416724920272827e-01,1.211088066231868376e+00
1.944477294810973689e+01,6.583266308077207363e+00,2.392602539062500000e+01,9.746611714363098145e-01,2.779169082641601562e-01,1.252837419509887695e+00,9.298649787902832031e+00,1.285838723182678223e+00,9.572656704676774098e+00,7.198825517426366005e-01,1.981537564098834991e+01,4.480162048339843750e+02,1.496776962280273438e+01,3.828406095504760742e+00,1.620324570432195799e+00,1.452035225217969128e+01,-2.500099875032901764e-02,1.317077467072057528e+00
2.467559202138544805e+01,6.718420694579745778e+00,1.988055801391601562e+01,8.972947597503662109e-01,3.228779435157775879e-01,1.231907248497009277e+00,9.288736343383789062e+00,1.293588161468505859e+00,1.144626883635149817e+01,8.560643280329911509e-01,2.424449362405916375e+01,4.699294433593750000e+02,1.519143486022949219e+01,3.796629667282104492e+00,1.739114774214213899e+00,1.939997653120549614e+01,-2.473454177379608154e-02,1.365411281507743047e+00
1.637371257857489937e+01,5.217237750466782842e+00,2.088129043579101562e+01,8.973104953765869141e-01,1.911432147026062012e-01,1.225277662277221680e+00,8.804862976074218750e+00,1.331662774085998535e+00,6.569453800404390087e+00,6.925391230894171191e-01,1.799242742671523132e+01,3.373743591308593750e+02,1.510732936859130859e+01,3.921357154846191406e+00,1.656107639441064316e+00,1.227437267602464743e+01,-3.880456462502479553e-02,1.284368016007136237e+00
1.467186680510221031e+01,3.421787048828385025e+00,3.013086700439453125e+01,1.345861196517944336e+00,4.039397835731506348e-02,1.859170317649841309e+00,7.290131092071533203e+00,1.306500315666198730e+00,5.250510453467485128e+00,5.388137448741041613e-01,1.704239638970822668e+01,4.620787353515625000e+02,1.465925502777099609e+01,3.622275114059448242e+00,1.714211382798155769e+00,1.202962302035599862e+01,-1.005818843841552734e-01,1.326813834375717871e+00
3.121138365862449149e+01,8.413393467913362400e+00,2.697538757324218750e+01,1.137482523918151855e+00,3.746403157711029053e-01,2.058103561401367188e+00,9.231892585754394531e+00,1.274067878723144531e+00,1.275964833332347403e+01,9.344382823809332939e-01,2.636620686270973835e+01,5.737862548828125000e+02,1.642571830749511719e+01,4.099005222320556641e+00,1.850054272971672908e+00,1.894836453636261453e+01,5.523249041289091110e-03,1.446362296805951075e+00
2.004093675112316575e+01,6.351610299660984005e+00,2.589198684692382812e+01,1.109918594360351562e+00,2.147510498762130737e-01,1.849363327026367188e+00,8.561632156372070312e+00,1.237659692764282227e+00,8.001000380027107894e+00,6.502187336268632212e-01,2.160572061351701478e+01,4.859247436523437500e+02,1.457479095458984375e+01,3.900851488113403320e+00,1.655840286211814005e+00,9.062823959872783774e+00,-2.450416050851345062e-02,1.338633590891760816e+00
2.260615266036062110e+01,7.371170821029932263e+00,2.377641868591308594e+01,8.723376989364624023e-01,3.946188390254974365e-01,2.973981380462646484e+00,9.555778503417968750e+00,1.119885206222534180e+00,1.580370445433935167e+01,5.486189078377641248e-01,2.958903479870454589e+01,5.184407348632812500e+02,1.538487434387207031e+01,3.507314920425415039e+00,1.699530320309076137e+00,8.775555972372078628e+00,-5.781129468232393265e-03,1.374946934717273361e+00
2.777128494452167828e+01,8.830348227108094861e+00,3.261568450927734375e+01,1.274042725563049316e+00,4.270530939102172852e-01,2.982557535171508789e+00,9.711403846740722656e+00,1.213520646095275879e+00,1.984102911141235381e+01,6.031760971831239271e-01,3.004633065344582121e+01,5.661123657226562500e+02,1.654575920104980469e+01,3.704040050506591797e+00,1.867970006969314145e+00,1.807271916826721281e+01,-1.115783397108316422e-02,1.474081377999775677e+00
2.847961620613835976e+01,1.121044867008373558e+01,2.748693847656250000e+01,1.131455898284912109e+00,5.856823325157165527e-01,2.432309389114379883e+00,1.055770969390869141e+01,1.266109228134155273e+00,2.023525359270187352e+01,7.581498493318972187e-01,2.949476834347373710e+01,5.301019287109375000e+02,1.886261940002441406e+01,4.431322097778320312e+00,1.973836318502669052e+00,1.706203238935038158e+01,5.810404196381568909e-02,1.491095298445202610e+00
2.759299587485335437e+01,9.118942913412199758e+00,2.333734893798828125e+01,9.674807190895080566e-01,5.357503294944763184e-01,1.590928554534912109e+00,1.026674652099609375e+01,1.284945607185363770e+00,1.319580978707264585e+01,7.932528814543848839e-01,2.403695560775640416e+01,4.675912780761718750e+02,1.798776435852050781e+01,4.250404357910156250e+00,1.852542178473340018e+00,1.796269550967076611e+01,5.245758593082427979e-02,1.448299091655441462e+00
2.795035664407362219e+01,7.688067521579363017e+00,2.457695579528808594e+01,1.020451903343200684e+00,4.803254008293151855e-01,1.899511218070983887e+00,1.038178253173828125e+01,1.330356359481811523e+00,1.348788064063992387e+01,7.781318011491195064e-01,2.470286975860595646e+01,5.145098266601562500e+02,1.879302787780761719e+01,4.173994064331054688e+00,1.798878024660479857e+00,2.223730105621507391e+01,6.518216431140899658e-02,1.524397232971028027e+00
2.424629227912398122e+01,1.189656647785042409e+01,3.204074096679687500e+01,1.029269099235534668e+00,5.499597191810607910e-01,3.775725364685058594e+00,9.720958709716796875e+00,1.155163049697875977e+00,1.590392829162790811e+01,6.354958589958108472e-01,2.933328172434931247e+01,8.936684570312500000e+02,1.735639762878417969e+01,4.542610168457031250e+00,1.773355981011242033e+00,2.638594328225050578e+00,6.633205711841583252e-02,1.401886988979426540e+00
1.863026150025755712e+01,8.248687582014618158e+00,2.313095283508300781e+01,7.634140849113464355e-01,4.421599209308624268e-01,2.505162000656127930e+00,8.650672912597656250e+00,1.156836748123168945e+00,1.086783384952771847e+01,5.474843674379846759e-01,2.200854759216308665e+01,5.252147827148437500e+02,1.502391147613525391e+01,4.066596031188964844e+00,1.634440858586719170e+00,8.091778162116598505e-01,3.223477676510810852e-02,1.290731350536482136e+00
1.400009368345873462e+01,1.492447742001154332e+01,2.727288818359375000e+01,7.279920578002929688e-01,5.242297649383544922e-01,3.012020349502563477e+00,9.591140747070312500e+00,1.066231966018676758e+00,1.590959004137922861e+01,4.507011550924052146e-01,2.963399083273751344e+01,9.280654907226562500e+02,1.630712699890136719e+01,4.444284915924072266e+00,1.598430077397311244e+00,-9.000000427477061749e-03,4.427082464098930359e-02,1.406174532173132263e+00
1.497778850637967629e+01,1.693950453694069225e+01,3.427569580078125000e+01,8.448426723480224609e-01,5.289533734321594238e-01,3.251226902008056641e+00,9.269927024841308594e+00,1.096312999725341797e+00,1.426917611634595673e+01,4.264013861184534626e-01,2.652395700153551772e+01,8.240914306640625000e+02,1.658500862121582031e+01,4.435595035552978516e+00,1.607304709807845677e+00,-9.000000427477061749e-03,3.546330332756042480e-02,1.351982133423800692e+00
5.287423363296354317e+00,2.183012603954712194e+00,1.650230979919433594e+01,5.136149525642395020e-01,-1.433108374476432800e-02,1.540648818016052246e+00,6.352332592010498047e+00,1.195619225502014160e+00,2.716890129045350655e+00,1.719451206533805232e-01,1.255976879119872969e+01,3.131860961914062500e+02,1.176293754577636719e+01,2.987973928451538086e+00,1.205645764346950699e+00,1.355700064392294790e-01,-1.424320042133331299e-01,1.133762423018364274e+00
1.269950620727784063e+01,5.398538147580657309e+00,1.878808403015136719e+01,6.751158833503723145e-01,1.765338778495788574e-01,1.648517727851867676e+00,8.295865058898925781e+00,1.190747976303100586e+00,4.903359783458879129e+00,4.921779830170714409e-01,2.079486990510747546e+01,5.052807617187500000e+02,1.293564605712890625e+01,3.774759769439697266e+00,1.451297635682716969e+00,1.683539405806523837e+00,-3.666226193308830261e-02,1.272834261391538435e+00
8.825329479278030576e+00,3.999786784883424762e+00,1.933225822448730469e+01,5.885179042816162109e-01,1.008320599794387817e-01,1.552493810653686523e+00,7.662539005279541016e+00,1.131589055061340332e+00,3.432129195275446243e+00,3.928345490408980401e-01,1.893329642921365874e+01,4.184924011230468750e+02,1.421091747283935547e+01,3.626487255096435547e+00,1.285058351578147962e+00,1.697849543009113671e-01,-6.020248308777809143e-02,1.099837717176701757e+00
1.759039017113501302e+01,5.992312396637180960e+00,2.996825790405273438e+01,1.054340124130249023e+00,1.817672401666641235e-01,2.104532480239868164e+00,8.033610343933105469e+00,1.176066637039184570e+00,6.151948004620137134e+00,5.891039199803186355e-01,2.340524874169842207e+01,5.389198608398437500e+02,1.424244403839111328e+01,3.348304986953735352e+00,1.438433741187501891e+00,2.716261566923992010e+00,-3.781398385763168335e-02,1.221735292939121642e+00
2.096288272395781149e+01,5.325375990100928547e+00,2.833135795593261719e+01,1.129855394363403320e+00,1.363435983657836914e-01,1.986545324325561523e+00,7.217637062072753906e+00,1.164072513580322266e+00,6.847858481284178289e+00,6.069792418376259713e-01,2.313802709647104194e+01,5.532766113281250000e+02,1.349244594573974609e+01,3.424371242523193359e+00,1.604359257833219310e+00,9.130447242183590717e+00,-7.517933845520019531e-02,1.341095861020550339e+00
1.809865214506722708e+01,8.596888919641447302e+00,2.250909996032714844e+01,6.761517524719238281e-01,2.784903943538665771e-01,2.019171237945556641e+00,8.093692779541015625e+00,1.151379585266113281e+00,1.045350508367078923e+01,4.465256692922633386e-01,2.704770093445384305e+01,5.918190917968750000e+02,1.398993110656738281e+01,2.832055091857910156e+00,1.410269914694169513e+00,9.078807770669751198e-01,-5.766553059220314026e-02,1.165557732651842038e+00
2.238114438650385907e+01,1.407405844303834286e+01,3.490198898315429688e+01,1.057596325874328613e+00,3.796925544738769531e-01,3.562268257141113281e+00,9.078199386596679688e+00,1.126555323600769043e+00,1.735728786146393432e+01,5.796758824068567462e-01,2.897336306395354200e+01,7.649745483398437500e+02,1.469777393341064453e+01,3.474454164505004883e+00,1.568600113405124841e+00,2.802805688681675900e+00,-1.271551381796598434e-02,1.268523827880525312e+00
2.394529201778480498e+01,8.404290255263815013e+00,2.624290275573730469e+01,9.398815631866455078e-01,3.488570749759674072e-01,3.051858663558959961e+00,9.433849334716796875e+00,1.162822365760803223e+00,1.596469306597450277e+01,6.874755232230477242e-01,2.903446100675142816e+01,6.954635009765625000e+02,1.511309337615966797e+01,3.235134601593017578e+00,1.574674254525173955e+00,6.366461840852235099e+00,-3.263641893863677979e-02,1.324992605803090306e+00
2.625462161897420188e+01,7.258668750245502288e+00,3.004458045959472656e+01,1.163593769073486328e+00,3.888307213783264160e-01,2.473725795745849609e+00,1.009388160705566406e+01,1.285518169403076172e+00,1.440955623997271928e+01,8.930005696804627080e-01,2.931836285414519239e+01,5.855643310546875000e+02,1.628310203552246094e+01,3.402366638183593750e+00,1.585540321105144645e+00,1.011388011001313458e+01,3.537658229470252991e-02,1.322671751801145046e+00
3.601288103285077113e+01,7.301417469231193280e+00,2.328728675842285156e+01,9.419443011283874512e-01,4.285002946853637695e-01,1.834256887435913086e+00,1.005970764160156250e+01,1.346816301345825195e+00,1.572308963569553697e+01,1.163988636887591799e+00,2.937055583530002068e+01,5.657024536132812500e+02,1.632634735107421875e+01,3.553411722183227539e+00,1.648359244055065842e+00,1.695466747197012225e+01,3.609507530927658081e-02,1.360161366174839515e+00
3.991727366398349375e+01,6.117283524971730557e+00,2.244998931884765625e+01,9.151855111122131348e-01,4.216000437736511230e-01,1.971339821815490723e+00,1.014460659027099609e+01,1.382049083709716797e+00,1.897327812890508270e+01,1.423164212185403565e+00,2.993738875058618021e+01,4.409748535156250000e+02,1.680063247680664062e+01,3.452563285827636719e+00,1.686908099528762861e+00,2.199710995569769878e+01,2.602023771032691002e-03,1.383114898095219036e+00
4.438329495701893279e+01,3.253336566859591272e+00,2.692508697509765625e+01,1.259428381919860840e+00,2.773219048976898193e-01,3.617207527160644531e+00,7.345761775970458984e+00,1.285173058509826660e+00,1.429123830255973893e+01,1.564149461362672966e+00,2.926670550355816758e+01,3.165950927734375000e+02,1.337873935699462891e+01,3.561229944229125977e+00,1.550120035820806041e+00,2.263112978779222217e+01,-1.876233816146850586e-01,1.206598550271919423e+00
4.294116403602797050e+01,1.644358198300667873e+00,1.274814891815185547e+01,6.915985345840454102e-01,2.324576377868652344e-01,2.377039194107055664e+00,9.185237884521484375e+00,1.235993504524230957e+00,1.389817774346132317e+01,9.633995722169461651e-01,3.115570930639902869e+01,2.110043182373046875e+02,1.539299869537353516e+01,2.418069839477539062e+00,1.446667512549805190e+00,1.286644852779014947e+01,-9.664085507392883301e-02,1.369202889795350098e+00
5.123752565119674784e+01,1.694710966677330344e+00,2.264368057250976562e+01,1.577459692955017090e+00,1.496998220682144165e-01,7.083110332489013672e+00,7.115465164184570312e+00,1.235159397125244141e+00,1.125392994629767074e+01,1.113657956537993154e+00,3.019171189700855962e+01,2.324750518798828125e+02,1.419800567626953125e+01,2.976511240005493164e+00,1.411528698280009708e+00,2.145617748970193261e+01,-2.204028964042663574e-01,1.378477148669467134e+00
3.847076870081776434e+01,1.198982306997343983e+00,3.137789916992187500e+01,1.615164756774902344e+00,2.664040327072143555e-01,5.848824024200439453e+00,7.697621822357177734e+00,1.388501882553100586e+00,1.268313334577931251e+01,1.619783619175786615e+00,2.924471485509281621e+01,4.144158630371093750e+02,1.370554256439208984e+01,3.583640098571777344e+00,1.539343058139932774e+00,2.667816055917997176e+01,-2.148812860250473022e-01,1.294608518315611523e+00
3.298867385517541351e+01,3.334863140341555177e+00,2.618609237670898438e+01,1.212594985961914062e+00,2.680685520172119141e-01,2.249955892562866211e+00,7.523428440093994141e+00,1.317567467689514160e+00,1.382079179569286076e+01,1.696307337802389403e+00,2.800169535528255338e+01,3.344837036132812500e+02,1.424608707427978516e+01,4.188401699066162109e+00,1.615056368052045110e+00,2.584267844265117731e+01,-1.124901697039604187e-01,1.313256450180238621e+00
4.161752091639551310e+01,5.623238966010255524e+00,2.418715858459472656e+01,1.089958429336547852e+00,3.159465789794921875e-01,1.524102449417114258e+00,9.042759895324707031e+00,1.358812093734741211e+00,1.700173912529624687e+01,1.702253490686416626e+00,2.884294144461087939e+01,3.658630676269531250e+02,1.566559410095214844e+01,4.369394779205322266e+00,1.673200184815242686e+00,2.638551527193625645e+01,-1.562676578760147095e-02,1.386988889995347751e+00
3.684271370023454750e+01,6.036412252988567317e+00,2.482627868652343750e+01,1.125130414962768555e+00,4.351553320884704590e-01,1.505067586898803711e+00,9.961631774902343750e+00,1.379790782928466797e+00,1.254186238432435552e+01,1.647044500579004644e+00,2.687975703603853006e+01,3.727985229492187500e+02,1.672424507141113281e+01,4.486713886260986328e+00,1.701459211684837936e+00,2.307736694977459635e+01,4.324446991086006165e-02,1.310809476191419520e+00
3.128326236963810558e+01,5.971939820481591887e+00,3.061293601989746094e+01,1.299945831298828125e+00,3.603020906448364258e-01,1.940321207046508789e+00,8.625837326049804688e+00,1.303897976875305176e+00,1.051841390741905791e+01,1.242700841115868649e+00,2.558271152347159827e+01,4.638414306640625000e+02,1.604919052124023438e+01,4.061371803283691406e+00,1.721988129159409242e+00,1.909931934292313827e+01,3.683168208226561546e-03,1.313477311760921529e+00
2.840205088014030110e+01,6.687354599969051350e+00,3.197038841247558594e+01,1.392531871795654297e+00,3.260540366172790527e-01,2.281277894973754883e+00,8.493558883666992188e+00,1.286549925804138184e+00,1.050968543069009797e+01,1.069061962806660215e+00,2.483739660864006993e+01,5.313313598632812500e+02,1.578829860687255859e+01,4.099426746368408203e+00,1.823878223614902483e+00,1.937347352293029701e+01,5.567310145124793053e-04,1.452513373004036934e+00
3.208016509428720298e+01,8.328756459560370473e+00,3.467264175415039062e+01,1.479321241378784180e+00,4.483398795127868652e-01,2.109201431274414062e+00,9.945721626281738281e+00,1.328686594963073730e+00,1.368454680382721911e+01,1.468903813673102299e+00,2.757219908787654106e+01,5.581007690429687500e+02,1.664260101318359375e+01,4.365756988525390625e+00,1.853292383566171431e+00,2.436570884961670558e+01,5.835076421499252319e-02,1.454359662961112409e+00
3.596201600391571418e+01,7.117396126785453525e+00,3.251909255981445312e+01,1.426586270332336426e+00,4.494045376777648926e-01,1.938683152198791504e+00,9.958517074584960938e+00,1.383600234985351562e+00,1.571761067562442626e+01,1.518185772325681526e+00,2.849255204708018141e+01,5.094953308105468750e+02,1.644755744934082031e+01,4.404526233673095703e+00,1.835639942677009140e+00,2.512663239912470203e+01,4.764866083860397339e-02,1.437202179610096442e+00
3.893764034620836156e+01,5.112902434429267728e+00,3.073031997680664062e+01,1.399197340011596680e+00,4.042675495147705078e-01,2.259296894073486328e+00,9.188279151916503906e+00,1.424335837364196777e+00,1.715503826800407694e+01,1.746818134318227411e+00,2.888225286819515247e+01,4.097724304199218750e+02,1.566478824615478516e+01,4.215297222137451172e+00,1.765521292590899849e+00,2.652857803906600154e+01,-3.076995350420475006e-02,1.427686717706283970e+00
3.690572114833041439e+01,1.068901455306974313e+01,1.814937400817871094e+01,7.887606620788574219e-01,5.124927759170532227e-01,1.314271211624145508e+00,1.059931659698486328e+01,1.250681877136230469e+00,1.812897723903292757e+01,1.216178807227507930e+00,3.034819200470691669e+01,4.445680847167968750e+02,1.372251892089843750e+01,3.782425642013549805e+00,1.864720075412494182e+00,2.363777277627721674e+01,5.088018625974655151e-02,1.564559444246919728e+00
2.634444550710471589e+01,8.022754376366565410e+00,2.145516777038574219e+01,8.900425434112548828e-01,3.696784973144531250e-01,1.734462261199951172e+00,9.463240623474121094e+00,1.292889952659606934e+00,1.092586258791611797e+01,9.401546930489332876e-01,2.737737826643319039e+01,5.557168579101562500e+02,1.813509750366210938e+01,4.117644786834716797e+00,1.798279574291285376e+00,1.622554387412021981e+01,9.152859449386596680e-02,1.621988359997222906e+00
3.061992493808472204e+01,7.572597954640672313e+00,3.382050704956054688e+01,1.471547484397888184e+00,4.035367071628570557e-01,2.889460325241088867e+00,9.598599433898925781e+00,1.320606231689453125e+00,1.386712031677249968e+01,1.219367552710616032e+00,2.855301576598077773e+01,4.767979431152343750e+02,1.731537055969238281e+01,4.123316287994384766e+00,1.887340654042670041e+00,2.072061636879180568e+01,7.030364125967025757e-02,1.642749497476012177e+00
3.554825054526043715e+01,8.967878948980994025e+00,3.725717163085937500e+01,1.623659491539001465e+00,5.124986767768859863e-01,3.595995187759399414e+00,9.975206375122070312e+00,1.384486317634582520e+00,1.491820705778312828e+01,1.412346817876981575e+00,2.876927066984630699e+01,6.829598999023437500e+02,1.912352561950683594e+01,4.462406158447265625e+00,1.891050651741928990e+00,1.931667552066741322e+01,1.138485372066497803e-01,1.765585374333279667e+00
4.273580981887204899e+01,3.840658627918593915e+00,1.613166046142578125e+01,8.361803889274597168e-01,3.985218405723571777e-01,3.528925895690917969e+00,9.314538002014160156e+00,1.371577858924865723e+00,1.759611512148486767e+01,1.423666473316109737e+00,3.388308538709367923e+01,5.278908081054687500e+02,1.881743812561035156e+01,3.681012630462646484e+00,1.610831750492071279e+00,2.426195829523826930e+01,-2.600660081952810287e-03,1.665643095273918739e+00
4.445760590516784561e+01,5.229134517329485199e+00,3.249574661254882812e+01,1.618077039718627930e+00,4.470703601837158203e-01,4.271587848663330078e+00,9.153388977050781250e+00,1.413843393325805664e+00,1.677335249160670827e+01,1.731636998446091313e+00,2.875744993403806404e+01,5.084933471679687500e+02,1.703972244262695312e+01,4.019824504852294922e+00,1.758833139870161544e+00,2.808420048647025524e+01,-4.146252200007438660e-02,1.580562970318798000e+00
3.268676243363970713e+01,1.087416360844860996e+01,3.740115737915039062e+01,1.350336074829101562e+00,4.649668633937835693e-01,4.845530986785888672e+00,1.067727088928222656e+01,1.251830816268920898e+00,1.886744375329830703e+01,9.896561762560969200e-01,3.220377058301653506e+01,7.895556640625000000e+02,2.033437538146972656e+01,4.038657188415527344e+00,1.846941467997753827e+00,1.228380058344919235e+01,1.587045639753341675e-01,1.982839026268100158e+00
2.651063120374631765e+01,5.267374403488041423e+00,2.235116767883300781e+01,9.654621481895446777e-01,4.542211890220642090e-01,4.483700275421142578e+00,1.082439613342285156e+01,1.227250695228576660e+00,1.902269321122171064e+01,1.430080288778180719e+00,3.580334466787485326e+01,5.666262207031250000e+02,1.916877937316894531e+01,3.508253812789916992e+00,1.733785799623619672e+00,2.188741642421183187e+01,8.173862099647521973e-02,2.128440644626622191e+00
4.402279618814552720e+01,6.214081121613384440e+00,2.873953819274902344e+01,1.571953415870666504e+00,5.350580811500549316e-01,6.464618682861328125e+00,1.011179637908935547e+01,1.474553585052490234e+00,2.338925290949099889e+01,2.303686990686085068e+00,4.020665702545385756e+01,6.154002685546875000e+02,2.589225196838378906e+01,4.536489009857177734e+00,1.849628235046082647e+00,3.177433963869648181e+01,5.567350611090660095e-02,2.245369141437781213e+00
4.725890896348433046e+01,8.746317904545778177e+00,2.655182647705078125e+01,1.272277474403381348e+00,5.193158388137817383e-01,4.739377021789550781e+00,1.023108577728271484e+01,1.498647332191467285e+00,2.105274099995149228e+01,1.950679158386976919e+00,3.887339675903320568e+01,6.062152709960937500e+02,2.500502395629882812e+01,4.310101985931396484e+00,1.897702535881653052e+00,3.398389494748165163e+01,4.626104608178138733e-02,1.901192080574614751e+00
3.373435333791236701e+01,6.593872114613857249e+00,3.366007614135742188e+01,1.323199748992919922e+00,3.122187554836273193e-01,4.306844234466552734e+00,9.139194488525390625e+00,1.368165254592895508e+00,1.648705863433289664e+01,1.146185821813085814e+00,3.140740623158856692e+01,3.459528503417968750e+02,2.014067840576171875e+01,3.442213535308837891e+00,1.699566410907661806e+00,3.020811713728784298e+01,-1.181820407509803772e-01,1.631694947430928577e+00
2.911664597352207196e+01,8.721062077381519728e+00,2.846482276916503906e+01,1.083732247352600098e+00,4.492116272449493408e-01,2.994292020797729492e+00,9.979344367980957031e+00,1.312552690505981445e+00,1.566973468922655321e+01,1.019487877254900754e+00,2.938453912297520176e+01,4.956932373046875000e+02,1.847977638244628906e+01,3.343555688858032227e+00,1.762135260012966054e+00,2.633119391121499930e+01,-4.731825366616249084e-02,1.504360222593925434e+00
2.677688841294404654e+01,7.695137946399017714e+00,2.507551956176757812e+01,9.436355233192443848e-01,3.364000618457794189e-01,1.889684915542602539e+00,9.650110244750976562e+00,1.321594595909118652e+00,1.527547530181729663e+01,8.426093983909358487e-01,2.786002217308949724e+01,3.312312316894531250e+02,1.621329116821289062e+01,3.274859666824340820e+00,1.653298799225317861e+00,2.823743354459589128e+01,-6.085922196507453918e-02,1.488020436351924047e+00
1.992291884754941123e+01,2.909917937897873674e+00,2.207103538513183594e+01,8.478837013244628906e-01,1.851616054773330688e-01,1.490972399711608887e+00,9.032772064208984375e+00,1.288477301597595215e+00,1.214687359281852608e+01,6.423231084709581928e-01,2.001847448803129481e+01,2.443295593261718750e+02,1.432098579406738281e+01,3.242006778717041016e+00,1.469296247115388532e+00,2.135682641122017245e+01,-1.165257692337036133e-01,1.347027062297041278e+00
1.610676065959940217e+01,4.474280006845762436e+00,2.783971786499023438e+01,1.065799474716186523e+00,3.347679376602172852e-01,1.985515475273132324e+00,1.050291919708251953e+01,1.434305667877197266e+00,9.311351587303615673e+00,7.295728967241619234e-01,1.890375052881604745e+01,3.265671081542968750e+02,1.777358818054199219e+01,3.740871667861938477e+00,1.574182164387252669e+00,1.798691688486701779e+01,-5.635911971330642700e-02,1.347096810294753366e+00
2.338633397271792091e+01,8.118158110934405869e+00,3.007552528381347656e+01,1.168097734451293945e+00,5.929191410541534424e-02,2.195225000381469727e+00,8.989841461181640625e+00,1.236327052116394043e+00,8.150105650267121860e+00,4.096556799891202250e-01,1.530352296327289707e+01,3.608471679687500000e+02,1.506219387054443359e+01,3.501360893249511719e+00,1.538372362234450508e+00,1.574463232677724100e+01,-2.376255542039871216e-01,1.286429005023724370e+00
3.339265777549819347e+01,9.429258811895012471e+00,2.268383598327636719e+01,8.908394575119018555e-01,4.559435248374938965e-01,1.824812412261962891e+00,9.970429420471191406e+00,1.386981725692749023e+00,1.853150720931324358e+01,8.586177663958590722e-01,2.622868651378003690e+01,6.295354003906250000e+02,1.927634429931640625e+01,3.804722785949707031e+00,1.811152541807546923e+00,2.676201392935524126e+01,-1.396572124212980270e-02,1.485208821963820869e+00
3.582877770939983009e+01,7.843482542793818624e+00,2.813158988952636719e+01,1.194738626480102539e+00,2.822173535823822021e-01,2.874539136886596680e+00,9.176162719726562500e+00,1.410570025444030762e+00,2.160951665139691613e+01,1.033106914033060431e+00,3.024464349448680878e+01,5.094627380371093750e+02,2.185835647583007812e+01,4.004709720611572266e+00,1.877457458420353609e+00,3.391399379832819250e+01,-8.484207093715667725e-02,1.607949846221324863e+00
2.263080395903649489e+01,8.490705230269609771e+00,2.389328956604003906e+01,9.055743217468261719e-01,4.950652420520782471e-01,1.969671964645385742e+00,1.103739738464355469e+01,1.401783943176269531e+00,1.047481383086026874e+01,8.301290681828623619e-01,2.362227199978298486e+01,3.993219299316406250e+02,1.771409034729003906e+01,3.879123449325561523e+00,1.701350676047412858e+00,2.066323653700657914e+01,4.517845064401626587e-02,1.431765396084780706e+00
2.547061177178065350e+01,9.773596843406634704e+00,2.809567260742187500e+01,1.040221929550170898e+00,4.878585934638977051e-01,2.389002084732055664e+00,1.092734622955322266e+01,1.357821702957153320e+00,1.070569693706472414e+01,8.029484476732171583e-01,2.555469674723488893e+01,5.670357666015625000e+02,1.759045791625976562e+01,3.630411863327026367e+00,1.768267964826969463e+00,2.297256359113816870e+01,4.585032537579536438e-02,1.530973087467938143e+00
3.108108381511424056e+01,1.185249522257418953e+01,3.078850746154785156e+01,1.175726413726806641e+00,5.285183191299438477e-01,2.387146234512329102e+00,1.083099746704101562e+01,1.389145731925964355e+00,1.207416724015880938e+01,8.583530861398448453e-01,2.493210368002614530e+01,4.689527282714843750e+02,1.987371253967285156e+01,3.986233949661254883e+00,1.870806923877107009e+00,2.462845278269190530e+01,6.378671526908874512e-02,1.544506369375507671e+00
2.119959662960678060e+01,9.535744761484009402e+00,1.938251686096191406e+01,7.352805137634277344e-01,4.790551066398620605e-01,1.404073119163513184e+00,1.157269954681396484e+01,1.407951951026916504e+00,8.222838418732862920e+00,7.184628092724344439e-01,2.046465496278144869e+01,3.150579528808593750e+02,1.844226646423339844e+01,3.996550798416137695e+00,1.662714587080818207e+00,2.047076857794309035e+01,3.998385742306709290e-02,1.353184462362877039e+00
2.699166917093265639e+01,1.048172118076789516e+01,2.360875511169433594e+01,9.235566854476928711e-01,4.312357604503631592e-01,1.683952569961547852e+00,1.081581211090087891e+01,1.394748330116271973e+00,9.546106043477797343e+00,7.327399649049924912e-01,2.181161585505704537e+01,4.975617980957031250e+02,1.777180671691894531e+01,3.687216520309448242e+00,1.778465186538464193e+00,2.616941739204889217e+01,-1.380833052098751068e-02,1.422011556289757506e+00
2.513501916959329918e+01,1.030254486798690650e+01,2.171330451965332031e+01,8.749613165855407715e-01,5.104927420616149902e-01,1.677558541297912598e+00,1.132673549652099609e+01,1.472769498825073242e+00,1.008777733864782178e+01,8.524835349425025077e-01,2.149112059853293744e+01,4.056296386718750000e+02,1.865614891052246094e+01,4.102789402008056641e+00,1.817623821128464323e+00,2.473406729050758202e+01,5.118492245674133301e-02,1.452539484086545984e+00
2.695155847955786399e+01,1.115054759497381554e+01,2.777566528320312500e+01,1.081644892692565918e+00,4.445752501487731934e-01,2.089261770248413086e+00,1.091364955902099609e+01,1.436435580253601074e+00,9.172419627585725266e+00,7.990444930999175410e-01,2.000741658066258211e+01,5.213095703125000000e+02,1.768377494812011719e+01,3.953377962112426758e+00,1.720509314861066619e+00,2.340985464726191267e+01,-2.161129191517829895e-02,1.396431924575289862e+00
2.269924079102658965e+01,9.626373678366537234e+00,2.333547210693359375e+01,9.149287939071655273e-01,3.601328134536743164e-01,1.714485645294189453e+00,1.065773200988769531e+01,1.427384257316589355e+00,1.045631232460515037e+01,7.699733156224956021e-01,1.683972642754995519e+01,3.787242126464843750e+02,1.668136405944824219e+01,3.877940177917480469e+00,1.685917169576133468e+00,2.048811925270329226e+01,-5.311621353030204773e-02,1.386480404073537231e+00
2.111948378204743548e+01,6.887318365366634332e+00,1.929568862915039062e+01,7.654842734336853027e-01,2.220229208469390869e-01,1.370147228240966797e+00,1.014715003967285156e+01,1.379555940628051758e+00,1.083036334627303887e+01,6.835005399973496099e-01,1.422479406711274486e+01,3.433876647949218750e+02,1.612529754638671875e+01,3.770011901855468750e+00,1.552878923438001824e+00,1.765354951106494141e+01,-1.229715794324874878e-01,1.344826861504395232e+00
3.116948558226864563e+01,1.108011129365766934e+01,3.031057929992675781e+01,1.172220945358276367e+00,3.616531193256378174e-01,2.272276639938354492e+00,1.023674392700195312e+01,1.412399888038635254e+00,1.125354251924738769e+01,7.352149972449177895e-01,2.028708169660495386e+01,4.986624145507812500e+02,1.874373626708984375e+01,3.918029308319091797e+00,1.704813407225405975e+00,2.314067285484811975e+01,-6.689209491014480591e-02,1.367273580167037483e+00
3.257808637286140652e+01,1.116946766728641371e+01,2.765141105651855469e+01,1.064386844635009766e+00,5.603557825088500977e-01,2.098113536834716797e+00,1.071703624725341797e+01,1.410082697868347168e+00,1.659876232686040609e+01,9.546351808568706021e-01,2.910244601323054425e+01,6.312137451171875000e+02,2.339847373962402344e+01,3.810850143432617188e+00,1.922531394198779831e+00,3.186536305198499619e+01,4.209687188267707825e-02,1.559185556409742324e+00
2.799626978238417507e+01,1.031783910576444896e+01,3.108704185485839844e+01,1.186730146408081055e+00,3.935090899467468262e-01,1.987422585487365723e+00,1.046654987335205078e+01,1.374093770980834961e+00,7.162071094897088486e+00,7.281312262234480581e-01,1.960748165958332478e+01,5.151954345703125000e+02,1.947335815429687500e+01,3.780408620834350586e+00,1.666402357096710363e+00,2.427068511505978066e+01,-6.344565749168395996e-02,1.321669563558431459e+00
2.899985925866122116e+01,1.110508383190826365e+01,2.539196586608886719e+01,9.270358085632324219e-01,5.011601448059082031e-01,1.900174617767333984e+00,1.107963371276855469e+01,1.350322604179382324e+00,1.521979870269959356e+01,9.348906421143076129e-01,2.902053937045010557e+01,5.525910644531250000e+02,2.324768638610839844e+01,3.638174295425415039e+00,1.873101660821599124e+00,3.298756722339094694e+01,4.110467433929443359e-02,1.660058341248038971e+00
2.535990131624616950e+01,1.090276285020357783e+01,3.085081481933593750e+01,1.105267643928527832e+00,4.299297630786895752e-01,1.803520441055297852e+00,1.069284915924072266e+01,1.324642181396484375e+00,8.884664655575548409e+00,7.301700244779172344e-01,2.222694707438893502e+01,5.498932495117187500e+02,1.987541770935058594e+01,3.592200279235839844e+00,1.678446652183216647e+00,2.679813265970425462e+01,-2.233529277145862579e-02,1.426906344095065338e+00
2.325168951922347915e+01,9.840732817132973764e+00,2.336087989807128906e+01,8.426317572593688965e-01,3.996294736862182617e-01,1.319416642189025879e+00,1.075352954864501953e+01,1.286162257194519043e+00,7.944194971923590920e+00,6.147069173014682031e-01,2.128682649973276497e+01,4.602945556640625000e+02,1.824067497253417969e+01,3.372366189956665039e+00,1.633407269511172100e+00,2.388747681026988801e+01,-4.172682762145996094e-02,1.359720486994610011e+00
2.438465282237558895e+01,1.051837319333085397e+01,2.915986824035644531e+01,1.018404603004455566e+00,4.200231134891510010e-01,1.985798478126525879e+00,1.095483779907226562e+01,1.305055618286132812e+00,1.060423891427032395e+01,7.393193199582721586e-01,2.557450990487408049e+01,5.675978393554687500e+02,2.138671684265136719e+01,3.454684495925903320e+00,1.708870523076462478e+00,2.727696818300362480e+01,3.721440955996513367e-02,1.626642315822322438e+00
2.434002997504865462e+01,9.639819084918149983e+00,2.986545562744140625e+01,1.059713959693908691e+00,3.660620152950286865e-01,2.406357765197753906e+00,1.058775234222412109e+01,1.281302452087402344e+00,1.006812723877374083e+01,6.258599518433861641e-01,2.412490119396800736e+01,6.098969116210937500e+02,2.165424728393554688e+01,3.424319505691528320e+00,1.657070513768085673e+00,2.530446129579407355e+01,1.157397925853729248e-01,1.732856845382536592e+00
2.031851078404763911e+01,9.029972181834022393e+00,2.620312309265136719e+01,9.181953668594360352e-01,3.614227473735809326e-01,1.596484065055847168e+00,1.040911293029785156e+01,1.271502494812011719e+00,5.348372516807773813e+00,5.706079990967459770e-01,1.844245076701588815e+01,4.612142639160156250e+02,1.853763580322265625e+01,3.372516632080078125e+00,1.571185173883698605e+00,2.093930756390675896e+01,-1.110700075514614582e-03,1.370833807301572671e+00
2.076723828378484527e+01,9.024661789348183305e+00,2.278955650329589844e+01,8.158174753189086914e-01,4.713391363620758057e-01,1.345273733139038086e+00,1.131256866455078125e+01,1.363795280456542969e+00,6.839950573636422781e+00,6.670385527869929776e-01,1.979869498067827394e+01,4.376811828613281250e+02,1.944905471801757812e+01,3.805528640747070312e+00,1.666168649376816857e+00,2.160819008106027539e+01,7.970445789396762848e-03,1.352249139673030953e+00
2.667221355593174437e+01,1.116059196705806933e+01,2.196928215026855469e+01,8.095164299011230469e-01,3.638330399990081787e-01,1.596274375915527344e+00,1.071017169952392578e+01,1.149879217147827148e+00,1.210511636443583150e+01,5.329818809809891977e-01,2.906200908861662313e+01,5.669700317382812500e+02,1.392142963409423828e+01,2.425527811050415039e+00,1.697853939469593287e+00,2.468738011995599990e+01,-1.999977231025695801e-02,1.548212814045477614e+00
2.054627202845087552e+01,9.027740571976350381e+00,2.584560775756835938e+01,9.127206802368164062e-01,3.572929799556732178e-01,1.568171262741088867e+00,1.067576980590820312e+01,1.279619336128234863e+00,7.643175935550443612e+00,5.338427171758983736e-01,2.201951431682091709e+01,4.635203857421875000e+02,1.799498367309570312e+01,3.238457202911376953e+00,1.617971206138774320e+00,2.060022998609196065e+01,-2.036050893366336823e-02,1.438666267575487323e+00
1.349105169334367638e+01,7.440602510781797463e+00,1.405321502685546875e+01,5.144162178039550781e-01,1.948038637638092041e-01,1.881327271461486816e+00,9.628635406494140625e+00,1.146752595901489258e+00,4.573742152724955545e+00,3.529042922284292283e-01,2.118539087234004725e+01,3.162843627929687500e+02,1.509477901458740234e+01,2.710409879684448242e+00,1.368512709358151724e+00,7.881226180789751901e+00,2.157189995050430298e-01,1.798367425238972750e+00
1.828363902056382884e+01,7.934300803493238519e+00,1.704362678527832031e+01,5.691189765930175781e-01,2.733865678310394287e-01,1.334210038185119629e+00,1.007688236236572266e+01,1.156660318374633789e+00,6.836622966231584719e+00,4.214986138369726243e-01,2.240589714050292969e+01,5.328829956054687500e+02,1.587645053863525391e+01,2.376713752746582031e+00,1.463725226790536293e+00,1.703190646934946884e+01,1.203025132417678833e-01,1.660788391991765423e+00
1.333709170626996254e+01,6.964812954978578219e+00,1.456562137603759766e+01,5.268238782882690430e-01,2.565110623836517334e-01,1.417788624763488770e+00,9.941724777221679688e+00,1.253439068794250488e+00,2.830978156442262694e+00,4.546946177016134016e-01,1.900339300553877209e+01,3.936335754394531250e+02,1.612366294860839844e+01,3.013221979141235352e+00,1.377026799188596273e+00,1.041306642866002541e+01,1.161146834492683411e-01,1.577442494805459061e+00
1.589503684987363030e+01,8.198340114981881754e+00,1.793314933776855469e+01,6.307241916656494141e-01,2.934149205684661865e-01,1.677282452583312988e+00,1.038500404357910156e+01,1.239447593688964844e+00,5.947069589401327683e+00,5.012419505611710457e-01,2.227330866898640593e+01,4.837975463867187500e+02,1.595302200317382812e+01,2.998805522918701172e+00,1.490112992747294252e+00,1.192978274485206924e+01,1.158706769347190857e-01,1.702628395170154185e+00
1.763258940776330164e+01,7.103011398235064888e+00,2.460466957092285156e+01,8.564255237579345703e-01,3.277850747108459473e-01,1.716019272804260254e+00,1.067264842987060547e+01,1.317744970321655273e+00,5.228670836583821036e+00,5.400757180607836938e-01,2.003997737660127498e+01,4.084588012695312500e+02,1.783749580383300781e+01,3.287671327590942383e+00,1.562462187466395536e+00,1.635029489424435667e+01,3.972359746694564819e-02,1.499722216720499768e+00
2.267913270437722772e+01,1.261463047942052107e+01,2.070363807678222656e+01,8.058816194534301758e-01,3.675401806831359863e-01,2.139360427856445312e+00,1.084201145172119141e+01,1.226696491241455078e+00,9.216514723475224713e+00,6.518538503543190865e-01,2.737406499045235719e+01,5.507604370117187500e+02,1.637451744079589844e+01,3.047677278518676758e+00,1.613670526365100555e+00,1.627217220145809762e+01,1.600183844566345215e-01,1.889198750648168446e+00
2.060245238900825626e+01,8.279014102700932298e+00,2.946601486206054688e+01,1.088037967681884766e+00,4.257476031780242920e-01,2.075462102890014648e+00,1.126711273193359375e+01,1.367760658264160156e+00,6.341521134539410021e+00,6.854883685060169096e-01,2.026093104150560009e+01,4.521082458496093750e+02,1.914652061462402344e+01,3.823316574096679688e+00,1.633093779507414078e+00,1.830777170290578582e+01,9.064713120460510254e-02,1.470091622693057598e+00
3.180072281995667893e+01,9.077881563972837853e+00,3.008529853820800781e+01,1.270773410797119141e+00,5.192765593528747559e-01,2.758031845092773438e+00,1.041481876373291016e+01,1.431090474128723145e+00,1.149355516776329011e+01,1.001492668753084958e+00,2.590016901993951848e+01,5.303729248046875000e+02,2.025016784667968750e+01,3.997283220291137695e+00,1.893340648748366162e+00,2.318092547078272503e+01,9.696286916732788086e-02,1.729372000376207641e+00
2.054248099274796502e+01,7.424255378523302085e+00,1.652749061584472656e+01,6.100456714630126953e-01,2.480480074882507324e-01,1.998858571052551270e+00,8.923777580261230469e+00,1.208925127983093262e+00,6.750916987318002604e+00,3.891742997195409837e-01,2.184632094701131066e+01,5.139436645507812500e+02,1.750329971313476562e+01,3.179611206054687500e+00,1.524469153537110655e+00,1.501527452271104579e+01,2.038024663925170898e-01,1.762605239727807804e+00
1.956326080693130720e+01,6.140055371652955785e+00,1.754453659057617188e+01,7.247985005378723145e-01,3.643325567245483398e-01,2.388911724090576172e+00,9.947773933410644531e+00,1.293344259262084961e+00,9.905222692695032194e+00,5.865503821683966112e-01,2.933005332946777344e+01,5.196536254882812500e+02,2.001416206359863281e+01,3.599775075912475586e+00,1.600520018730090976e+00,1.660081031230566495e+01,1.501015573740005493e-01,1.798167402128461712e+00
3.287320197323906257e+01,7.356071157702026575e+00,2.043582344055175781e+01,8.872430920600891113e-01,4.456308186054229736e-01,2.601081609725952148e+00,9.402770996093750000e+00,1.404286146163940430e+00,1.960354995072645679e+01,1.002898063348687252e+00,3.263061246684953431e+01,5.073807983398437500e+02,2.564363861083984375e+01,3.251711368560791016e+00,1.846930699719767865e+00,3.483573368075227705e+01,-1.379055902361869812e-02,1.687432008794424787e+00
2.931544437303998052e+01,1.015852974064019598e+01,2.415571022033691406e+01,1.083213210105895996e+00,4.000455439090728760e-01,3.412409067153930664e+00,1.038781833648681641e+01,1.411065459251403809e+00,1.814299044507909642e+01,9.425081338571466016e-01,3.129358144601185998e+01,5.060715332031250000e+02,2.402700042724609375e+01,3.276869773864746094e+00,1.850810468088575300e+00,3.416888703960163554e+01,3.769397363066673279e-02,2.014951350722620660e+00
2.568062135197185114e+01,7.882637172370391632e+00,3.100641441345214844e+01,1.250153303146362305e+00,2.821058332920074463e-01,4.213137149810791016e+00,1.026133728027343750e+01,1.256035685539245605e+00,1.530371867560554655e+01,6.269842308500538364e-01,3.106356095045040888e+01,6.366984863281250000e+02,1.873701667785644531e+01,3.044889211654663086e+00,1.721066098906298025e+00,2.334630880119780372e+01,3.164978325366973877e-02,2.024130082239463224e+00
3.230735859942237909e+01,1.087618540818353985e+01,2.143435096740722656e+01,9.024491906166076660e-01,4.656921029090881348e-01,2.278615951538085938e+00,1.072609329223632812e+01,1.371875524520874023e+00,1.927541395901125298e+01,8.055431875197783809e-01,3.090458451146664842e+01,3.471183471679687500e+02,2.086441802978515625e+01,3.889407634735107422e+00,2.007742103040365489e+00,2.959054488373626768e+01,9.667010605335235596e-02,1.904101330086036326e+00
2.506224955932145804e+01,6.594640325380194845e+00,2.947076416015625000e+01,1.206221580505371094e+00,2.856095731258392334e-01,3.135186195373535156e+00,8.875452995300292969e+00,1.163342475891113281e+00,1.761217913110722577e+01,4.742655413954154353e-01,2.973179422422897034e+01,6.160552368164062500e+02,1.555583381652832031e+01,2.985136508941650391e+00,1.624449199183564785e+00,1.583166741863048266e+01,-7.297220081090927124e-02,1.551897909702941725e+00
9.591157951454263753e+00,4.433599865090410930e+00,1.441004848480224609e+01,5.607532858848571777e-01,1.751860231161117554e-01,1.984753966331481934e+00,9.109127998352050781e+00,1.186425209045410156e+00,2.096183773032769704e+00,4.229441064855326560e-01,1.415821632073850012e+01,4.149575195312500000e+02,1.467088890075683594e+01,3.228727579116821289e+00,1.310791203914609016e+00,5.813775786343600593e+00,9.943300485610961914e-02,1.351820552057079405e+00
1.587744185660620033e+01,7.539219305393641157e+00,1.505947494506835938e+01,5.399308204650878906e-01,2.552094161510467529e-01,1.889906406402587891e+00,9.509833335876464844e+00,1.162852883338928223e+00,5.762087992982726448e+00,4.691666380866714170e-01,2.049895908958033530e+01,5.009636535644531250e+02,1.507621192932128906e+01,3.098507881164550781e+00,1.422898709378221715e+00,7.672579311796366319e+00,1.390285044908523560e-01,1.555507617316645774e+00
1.695189574881298711e+01,6.081350815940228749e+00,1.470976257324218750e+01,6.066940426826477051e-01,2.758170962333679199e-01,1.698706030845642090e+00,9.267154693603515625e+00,1.280282974243164062e+00,5.248149185443911513e+00,6.999588083961735263e-01,1.935452891410665188e+01,4.964776306152343750e+02,1.424541854858398438e+01,3.376526594161987305e+00,1.512381436966669712e+00,1.152200054726563394e+01,3.153194859623908997e-02,1.422521994346624297e+00
1.544196565653780162e+01,7.783558123190374545e+00,1.244223403930664062e+01,4.260909259319305420e-01,2.017587423324584961e-01,1.445628523826599121e+00,9.211294174194335938e+00,1.235531926155090332e+00,5.541803541910056197e+00,5.273672594972278471e-01,2.002502966708824417e+01,4.137825012207031250e+02,1.332094669342041016e+01,2.833295106887817383e+00,1.435207668518128976e+00,6.878360982442305094e+00,5.426672101020812988e-02,1.566538161423102427e+00
1.728801972684469490e+01,5.829592270607397708e+00,2.002906036376953125e+01,8.385130167007446289e-01,2.495624274015426636e-01,2.088723182678222656e+00,9.607268333435058594e+00,1.371323823928833008e+00,3.991642164901462397e+00,7.016308223423750601e-01,1.844008648248366455e+01,3.856810607910156250e+02,1.484184074401855469e+01,3.506589412689208984e+00,1.523711204137536912e+00,1.178398821403036756e+01,4.079752415418624878e-02,1.410863848596148662e+00
1.485324126858726146e+01,6.764270149435764878e+00,1.803226852416992188e+01,6.920176148414611816e-01,2.576770186424255371e-01,1.839675664901733398e+00,9.991767883300781250e+00,1.301401615142822266e+00,4.013173267538570066e+00,5.411634927858477440e-01,1.824129221989558403e+01,3.553512268066406250e+02,1.653733253479003906e+01,3.324727296829223633e+00,1.509933159498603628e+00,8.762615800817282974e+00,8.637390285730361938e-02,1.484615916898781585e+00
2.775765033863067188e+01,8.111943100724662514e+00,2.613903427124023438e+01,1.141331911087036133e+00,4.360856115818023682e-01,2.849902868270874023e+00,1.004353904724121094e+01,1.376394152641296387e+00,9.994479926767095179e+00,9.254629864640857573e-01,2.525399943573833994e+01,4.694241638183593750e+02,1.782273483276367188e+01,3.833121776580810547e+00,1.891180742991128039e+00,2.039995987305564284e+01,1.174714490771293640e-01,1.677901466800707952e+00
2.892444106899030487e+01,9.406901951432111275e+00,3.165370750427246094e+01,1.420975446701049805e+00,4.406757056713104248e-01,3.675211191177368164e+00,9.711182594299316406e+00,1.250012278556823730e+00,1.511104549385551721e+01,9.050310675216757250e-01,3.071989816694117437e+01,7.577927856445312500e+02,1.584855937957763672e+01,3.456820726394653320e+00,1.899061826427534072e+00,2.249474733709983099e+01,5.421812087297439575e-02,1.771404410023085907e+00
2.513728778687272225e+01,8.007071830446424343e+00,2.838319969177246094e+01,1.270053267478942871e+00,3.812423944473266602e-01,2.139259576797485352e+00,9.994703292846679688e+00,1.421290993690490723e+00,7.978752515722527860e+00,9.412416031827097740e-01,2.091664203415568934e+01,5.014576416015625000e+02,1.665655517578125000e+01,3.872485637664794922e+00,1.819649941945957528e+00,2.099679586908911233e+01,5.350525677204132080e-02,1.482800349148363006e+00
2.008639048529317250e+01,6.529025371936882038e+00,2.378749656677246094e+01,1.059530138969421387e+00,2.453304827213287354e-01,1.667455196380615234e+00,8.675757408142089844e+00,1.326390504837036133e+00,6.808670134715217870e+00,7.123704701662063599e-01,1.937045887281309930e+01,4.242221374511718750e+02,1.360998916625976562e+01,3.155722618103027344e+00,1.674436337339881176e+00,1.791701971893725798e+01,-7.350590825080871582e-02,1.389294301485160643e+00
2.047762609364972519e+01,6.039678759817479481e+00,2.542243385314941406e+01,1.145633697509765625e+00,3.128085434436798096e-01,1.602491140365600586e+00,9.072999000549316406e+00,1.376965522766113281e+00,6.346968215903301846e+00,8.695687982051268916e-01,1.818193223514658996e+01,4.463060913085937500e+02,1.485033702850341797e+01,3.566624641418457031e+00,1.798961763872646280e+00,1.847607039628278969e+01,-6.247294321656227112e-02,1.331748577313701665e+00
2.164873564746885037e+01,7.049511869706709177e+00,2.254239082336425781e+01,9.498136639595031738e-01,2.786759138107299805e-01,1.560481309890747070e+00,9.108598709106445312e+00,1.334576845169067383e+00,7.150786599186107040e+00,7.637992488301318383e-01,2.001493800505426890e+01,4.509376525878906250e+02,1.357923030853271484e+01,3.299898147583007812e+00,1.606497030235858325e+00,1.797381001401546996e+01,-5.587471276521682739e-02,1.358398393696476969e+00
1.903747912827999045e+01,6.900514202436438538e+00,1.489342117309570312e+01,6.410154700279235840e-01,2.880323231220245361e-01,1.288420438766479492e+00,9.173933982849121094e+00,1.251287937164306641e+00,5.775075543118560972e+00,6.385239421025566964e-01,1.870823287963867188e+01,3.895885620117187500e+02,1.526305484771728516e+01,3.517631530761718750e+00,1.525266014742839626e+00,1.572498999420873922e+01,3.221258055418729782e-03,1.326512955470118049e+00
2.116573401042084868e+01,7.202438964363226503e+00,1.673477554321289062e+01,7.201625108718872070e-01,3.051125705242156982e-01,1.218567252159118652e+00,9.127037048339843750e+00,1.258380293846130371e+00,8.106154231175493052e+00,7.153236937263737216e-01,2.066778080280010599e+01,3.582114868164062500e+02,1.457552242279052734e+01,3.470476388931274414e+00,1.542413671276839482e+00,1.568724860835215473e+01,-3.799363225698471069e-02,1.290935685799073918e+00
2.355851732253372788e+01,9.816033219859948034e+00,2.293309783935546875e+01,9.577409029006958008e-01,3.835325539112091064e-01,1.454766988754272461e+00,9.846132278442382812e+00,1.236367464065551758e+00,1.107090375164613860e+01,7.066514083872670327e-01,2.368283345622401015e+01,5.239689331054687500e+02,1.449945545196533203e+01,3.588531017303466797e+00,1.613448824289118733e+00,1.596669968310868803e+01,7.832859642803668976e-03,1.369886176247500531e+00
1.304648787181877978e+01,4.779175835267825967e+00,2.046290397644042969e+01,8.652343153953552246e-01,1.841217875480651855e-01,1.327547073364257812e+00,8.197621345520019531e+00,1.239942550659179688e+00,3.899057510036049834e+00,5.368406921625137329e-01,1.422926341500251901e+01,4.037077636718750000e+02,1.320377731323242188e+01,3.150561094284057617e+00,1.491051430586859405e+00,1.044836992302250955e+01,-1.048790514469146729e-01,1.271144099158702634e+00
1.484482474018747133e+01,5.489463997386374139e+00,2.095296478271484375e+01,8.590667843818664551e-01,2.477933019399642944e-01,1.374083876609802246e+00,8.700149536132812500e+00,1.263963699340820312e+00,4.845315044954919159e+00,5.869924377488053846e-01,1.757313834296332544e+01,4.224585876464843750e+02,1.392303180694580078e+01,3.477894306182861328e+00,1.585542528295249332e+00,1.028700048860628158e+01,-3.624605387449264526e-02,1.270418301216154289e+00
2.732087093883602691e+01,1.212917503899007521e+01,1.580535221099853516e+01,6.093094348907470703e-01,4.456906318664550781e-01,1.212073922157287598e+00,1.023857212066650391e+01,1.229381322860717773e+00,1.242332491440056685e+01,7.384690746017124052e-01,2.683407623703415368e+01,3.190496826171875000e+02,1.480672645568847656e+01,3.922195196151733398e+00,1.640551150001275715e+00,1.184641948159362457e+01,6.363175064325332642e-02,1.408311697704874632e+00
1.183007291883520296e+01,2.841540649502745541e+00,1.995152854919433594e+01,8.103023767471313477e-01,2.413979470729827881e-01,2.009728670120239258e+00,8.484282493591308594e+00,1.237519860267639160e+00,5.429840257903561174e+00,5.704952802347100782e-01,1.960289405822753750e+01,4.753382568359375000e+02,1.294784641265869141e+01,3.581046581268310547e+00,1.557073974624474166e+00,3.568090169475181206e+00,1.301123062148690224e-03,1.264011880058213411e+00
1.700405269778753237e+01,4.986202645045320736e+00,2.900308227539062500e+01,1.239589333534240723e+00,3.613745868206024170e-01,1.943480253219604492e+00,9.382776260375976562e+00,1.345236778259277344e+00,5.745854973768154572e+00,8.053127870611522798e-01,1.988384419628697586e+01,5.558026733398437500e+02,1.559903049468994141e+01,3.928524494171142578e+00,1.747937459188658060e+00,1.135619712058697495e+01,2.594001824036240578e-03,1.372253663642838628e+00
2.499367540022891276e+01,6.765505456256815542e+00,2.788972854614257812e+01,1.220046520233154297e+00,4.017618298530578613e-01,2.112690687179565430e+00,9.237273216247558594e+00,1.335399150848388672e+00,8.751171468289900446e+00,9.171512541563614507e-01,2.114731591626217622e+01,5.078590393066406250e+02,1.549951648712158203e+01,3.818488597869873047e+00,1.867502089078973748e+00,1.746084951355633663e+01,-2.762329950928688049e-02,1.413214290822303543e+00
3.182415249373384469e+01,1.028434974019926429e+01,1.585697937011718750e+01,7.156582474708557129e-01,4.848597347736358643e-01,1.105178713798522949e+00,1.000758361816406250e+01,1.304311394691467285e+00,1.403943066683714314e+01,9.472599444182022710e-01,2.622484115600585852e+01,4.697731018066406250e+02,1.459530830383300781e+01,3.592923402786254883e+00,1.825949157432809500e+00,2.342295111253042705e+01,-1.909734332002699375e-03,1.459444085565001270e+00
1.463796565478361877e+01,5.000522204886388877e+00,2.311475944519042969e+01,1.027858138084411621e+00,2.549242973327636719e-01,1.349936962127685547e+00,8.558714866638183594e+00,1.352852344512939453e+00,5.243192841630877510e+00,6.797598101522611680e-01,1.654982207969382912e+01,4.895624694824218750e+02,1.347912883758544922e+01,3.348443269729614258e+00,1.687597751000587953e+00,1.207474131426015163e+01,-8.903604000806808472e-02,1.313790779997071168e+00
1.784596340924113989e+01,5.983500434064961127e+00,2.792743682861328125e+01,1.195305943489074707e+00,3.020430803298950195e-01,1.621232748031616211e+00,8.923123359680175781e+00,1.339966535568237305e+00,6.945922485602221919e+00,7.757313640221304984e-01,1.725852180526641888e+01,4.912973632812500000e+02,1.387296676635742188e+01,3.459984779357910156e+00,1.687269747414608778e+00,1.532810851247719164e+01,-8.453907072544097900e-02,1.308430359006229171e+00
2.736480304957137122e+01,7.918254653472738269e+00,2.041505241394042969e+01,9.043662548065185547e-01,3.949064016342163086e-01,1.557514071464538574e+00,9.549166679382324219e+00,1.305372714996337891e+00,1.129480886980794274e+01,7.246548941601878013e-01,2.335850737889607842e+01,5.578879394531250000e+02,1.712716674804687500e+01,3.963029384613037109e+00,1.740483489819853569e+00,2.140564268338009057e+01,4.674600809812545776e-02,1.462128352166852441e+00
2.720524847790575151e+01,8.035074886142819395e+00,2.545725822448730469e+01,1.069135427474975586e+00,5.187438726425170898e-01,2.146181583404541016e+00,1.052521896362304688e+01,1.356982469558715820e+00,1.610370909821843455e+01,8.154833478772122168e-01,2.946997380256652832e+01,4.992651672363281250e+02,1.947866439819335938e+01,4.193761825561523438e+00,1.891677122054623794e+00,2.226208439072555123e+01,8.027482777833938599e-02,1.604847483198952984e+00
2.511807379409469121e+01,8.768460233806528947e+00,2.333280181884765625e+01,9.597000479698181152e-01,5.229085087776184082e-01,1.652394533157348633e+00,1.012751388549804688e+01,1.293574810028076172e+00,1.462807546115140944e+01,7.611567520576975054e-01,2.692309588138188303e+01,5.899668579101562500e+02,1.808456039428710938e+01,4.135791301727294922e+00,1.850308694133585563e+00,1.819667376149184790e+01,5.059774965047836304e-02,1.488623123026445727e+00
2.792032269845920212e+01,1.124855302214273323e+01,3.170671463012695312e+01,1.307739138603210449e+00,6.069648861885070801e-01,2.619301795959472656e+00,1.044232940673828125e+01,1.295218706130981445e+00,1.834039217546967038e+01,8.003547457249268193e-01,2.904076511548912976e+01,7.989989624023437500e+02,1.931386184692382812e+01,4.520207405090332031e+00,1.913730758808934507e+00,1.597887032417296993e+01,8.629646152257919312e-02,1.492318071728501172e+00
2.019069373041119420e+01,6.290220409898203080e+00,2.374761581420898438e+01,9.378110766410827637e-01,4.359290599822998047e-01,2.488465309143066406e+00,9.432594299316406250e+00,1.185407876968383789e+00,1.547183919641135574e+01,6.068367089914239454e-01,2.972898547832782512e+01,6.266330566406250000e+02,1.650955581665039062e+01,3.607042312622070312e+00,1.554889707675338961e+00,1.073650820226444402e+01,5.089333862997591496e-04,1.383196179146721772e+00
2.182614829355507524e+01,1.048617118677791460e+01,2.349137496948242188e+01,7.804367542266845703e-01,5.463313460350036621e-01,2.712668418884277344e+00,9.438153266906738281e+00,1.149578213691711426e+00,1.486165042340460829e+01,5.793562580061994982e-01,2.809019341980670248e+01,7.641448364257812500e+02,1.642550659179687500e+01,4.382447719573974609e+00,1.734232366020525884e+00,3.520728980784967543e+00,6.728844344615936279e-02,1.365409767296932309e+00
1.218891164796113102e+01,1.102196229930443749e+01,2.367060470581054688e+01,6.080220937728881836e-01,5.103154182434082031e-01,2.590949773788452148e+00,9.339760780334472656e+00,1.066957950592041016e+00,1.243486499740402706e+01,4.271287347959435432e-01,2.952682676153667884e+01,8.027127685546875000e+02,1.495126247406005859e+01,4.092761993408203125e+00,1.517603579506930256e+00,1.735847540075448614e-01,2.623047679662704468e-02,1.376699964094540096e+00
8.696007061119056303e+00,2.806381547328359982e+00,2.592989158630371094e+01,9.351839423179626465e-01,2.261381000280380249e-01,2.315030097961425781e+00,8.311244010925292969e+00,1.241311907768249512e+00,3.890452565738953261e+00,4.795671895794246242e-01,1.879384725055997407e+01,5.059620056152343750e+02,1.415449523925781250e+01,3.819237232208251953e+00,1.455792531171740345e+00,1.903523899936339081e+00,-9.729255922138690948e-03,1.247352381770937546e+00
8.445145320150686530e+00,3.981378419387457956e+00,2.172850799560546875e+01,5.770938992500305176e-01,2.503842711448669434e-01,2.000836610794067383e+00,8.148789405822753906e+00,1.183119416236877441e+00,4.352298908021796642e+00,4.056814967290214846e-01,2.019462397191431791e+01,6.112995605468750000e+02,1.521430015563964844e+01,3.678862094879150391e+00,1.362782552772167310e+00,1.866233854875113535e-02,-3.100503981113433838e-02,1.180081640553866773e+00
1.251948237528499952e+01,4.828049152701025193e+00,2.658868408203125000e+01,9.322620034217834473e-01,3.522042036056518555e-01,2.097921371459960938e+00,9.191866874694824219e+00,1.211254119873046875e+00,4.483788448262631121e+00,6.527832863123520513e-01,2.046617530373966076e+01,5.326218872070312500e+02,1.418508720397949219e+01,3.876235961914062500e+00,1.451973409330171938e+00,2.783529543975258758e+00,2.431085333228111267e-02,1.251109087090656269e+00
2.398748203250330135e+01,6.681882636209208748e+00,2.756139373779296875e+01,1.126718640327453613e+00,4.061333239078521729e-01,2.117820262908935547e+00,9.026125907897949219e+00,1.247794151306152344e+00,7.745543846154443912e+00,8.459432312975758705e-01,2.214178516553795717e+01,5.779589233398437500e+02,1.415008449554443359e+01,3.692919015884399414e+00,1.686401592805332639e+00,1.147790634227272122e+01,-1.158221438527107239e-02,1.391453032708089843e+00
1.672922219774545383e+01,4.429047793227691265e+00,2.599840736389160156e+01,9.213125705718994141e-01,2.445358932018280029e-01,1.958885192871093750e+00,8.140189170837402344e+00,1.257895827293395996e+00,5.248138935404598193e+00,6.829366198052531090e-01,2.166360828650258696e+01,5.168953247070312500e+02,1.450703048706054688e+01,3.163146018981933594e+00,1.453545506574339230e+00,4.156007496669827717e+00,-4.301357269287109375e-02,1.186616522364313697e+00
1.881908745629078794e+01,1.293938007103036014e+01,3.091847419738769531e+01,9.348801970481872559e-01,3.026801943778991699e-01,2.947033643722534180e+00,8.306938171386718750e+00,1.167700529098510742e+00,1.471496253098425200e+01,4.308088003941204502e-01,2.891569791313346016e+01,8.668382568359375000e+02,1.430185794830322266e+01,3.054348707199096680e+00,1.518237188903379664e+00,1.143389367285177372e+00,-4.697371646761894226e-02,1.276146365858444653e+00
2.204628815254994123e+01,1.284699441072892689e+01,3.559341049194335938e+01,1.210486292839050293e+00,3.444893062114715576e-01,3.769213676452636719e+00,9.024666786193847656e+00,1.157606124877929688e+00,1.886346481349223225e+01,5.829324317367180486e-01,2.963944861815147647e+01,9.003189697265625000e+02,1.424737739562988281e+01,3.221042156219482422e+00,1.643695690654614960e+00,3.909350701148103457e+00,-1.288347039371728897e-02,1.355986367199061293e+00
2.286513253611416019e+01,1.222205185088618862e+01,2.749347305297851562e+01,8.553368449211120605e-01,2.789230048656463623e-01,3.237927436828613281e+00,8.448865890502929688e+00,1.103549480438232422e+00,1.751064185735184608e+01,4.852988972612049534e-01,2.884287636096660989e+01,6.876556396484375000e+02,1.389649868011474609e+01,2.998295545578002930e+00,1.592944076245366603e+00,3.682589918503370807e+00,-5.624527111649513245e-02,1.335235511111943163e+00
3.119460834285476381e+01,5.082785033072328318e+00,2.413937568664550781e+01,9.896479845046997070e-01,3.247556388378143311e-01,2.906888246536254883e+00,9.657721519470214844e+00,1.245353579521179199e+00,1.896207552751588921e+01,8.230527879103369804e-01,2.939460170802785299e+01,5.137916870117187500e+02,1.471605491638183594e+01,3.123476266860961914e+00,1.649391472579578188e+00,1.375546333991658265e+01,-1.772394776344299316e-02,1.417363003513689490e+00
2.645983720747106815e+01,6.695691536766566365e+00,3.075844383239746094e+01,1.210280895233154297e+00,3.937662243843078613e-01,2.614823102951049805e+00,9.988694190979003906e+00,1.301368594169616699e+00,1.243847472872685422e+01,8.211240075204683242e-01,2.871966204149969570e+01,6.549526977539062500e+02,1.614771842956542969e+01,3.222018480300903320e+00,1.573687340275573110e+00,1.041570739127125478e+01,3.090504929423332214e-02,1.367529268243471874e+00
4.163150927575291149e+01,9.169113657148955099e+00,3.145668983459472656e+01,1.334737777709960938e+00,4.120278656482696533e-01,2.376879930496215820e+00,9.618712425231933594e+00,1.322512030601501465e+00,1.576148008747307294e+01,1.074099977379259885e+00,2.894824497758849446e+01,5.644451293945312500e+02,1.503707408905029297e+01,3.374904155731201172e+00,1.714583011089079401e+00,2.150368697178349819e+01,-6.614815443754196167e-03,1.384869354920461593e+00
4.047197451611495467e+01,5.844927214349795896e+00,2.748506736755371094e+01,1.137751579284667969e+00,3.941450417041778564e-01,2.537373781204223633e+00,9.996790885925292969e+00,1.354701876640319824e+00,1.797626046921113030e+01,1.234269038490627191e+00,3.088077337925250632e+01,6.223049316406250000e+02,1.638225746154785156e+01,3.297145843505859375e+00,1.726139415336832350e+00,2.129289524212743601e+01,1.393832731992006302e-03,1.429535861925589346e+00
4.402543830362192523e+01,3.663766462868977225e+00,3.245722198486328125e+01,1.480623960494995117e+00,3.070704340934753418e-01,3.762104511260986328e+00,7.475563526153564453e+00,1.353534340858459473e+00,1.418539554556497428e+01,1.542342293521632213e+00,2.934055728423289722e+01,3.772922363281250000e+02,1.474001979827880859e+01,3.675376653671264648e+00,1.584230226085680426e+00,2.420227294441802002e+01,-1.398504227399826050e-01,1.292078389984544717e+00
5.434151216312785948e+01,2.088383855999546679e+00,1.856732559204101562e+01,9.258678555488586426e-01,1.635826528072357178e-01,3.150263309478759766e+00,8.777243614196777344e+00,1.233213901519775391e+00,1.439307211220563865e+01,9.920192386793054151e-01,3.239566058204287913e+01,3.605752258300781250e+02,1.516013431549072266e+01,2.503643751144409180e+00,1.494083495149149954e+00,1.557217931106736408e+01,-9.282156080007553101e-02,1.443359446746855124e+00
5.990122835969106774e+01,2.667223458162205851e+00,2.598091697692871094e+01,1.849352121353149414e+00,1.721571683883666992e-01,7.821551322937011719e+00,7.270065784454345703e+00,1.318746447563171387e+00,1.269878541328649568e+01,1.227699272010637443e+00,3.145385459706752940e+01,3.339344482421875000e+02,1.409317779541015625e+01,3.048120260238647461e+00,1.492628178041131459e+00,2.628676074222496339e+01,-1.715961396694183350e-01,1.523407289812952481e+00
3.660672821709222546e+01,1.582915553730817049e+00,2.833194541931152344e+01,1.599805593490600586e+00,1.524019539356231689e-01,5.574160099029541016e+00,7.003091335296630859e+00,1.420234799385070801e+00,1.101644089022531681e+01,1.498018271249273559e+00,2.750618304681340476e+01,3.727726135253906250e+02,1.390672111511230469e+01,3.322052240371704102e+00,1.478110450109314522e+00,2.579703792254120032e+01,-2.154434323310852051e-01,1.323925458263741417e+00
2.799623152460833708e+01,3.338940551253841260e+00,2.779662895202636719e+01,1.235219597816467285e+00,2.590801417827606201e-01,2.005402565002441406e+00,7.392095088958740234e+00,1.394458770751953125e+00,1.051423790947142223e+01,1.448601813420005380e+00,2.441057375352159653e+01,2.841182861328125000e+02,1.539334106445312500e+01,3.584305286407470703e+00,1.528457497665423492e+00,2.253256941556330872e+01,-1.325595080852508545e-01,1.251742799018526808e+00
4.115877461708841878e+01,6.139675351349701771e+00,2.994984054565429688e+01,1.291919231414794922e+00,3.735399544239044189e-01,1.764854311943054199e+00,8.799292564392089844e+00,1.334798812866210938e+00,1.425855819936903579e+01,1.602046432702437739e+00,2.760707492321993328e+01,4.453484191894531250e+02,1.460809230804443359e+01,3.928801774978637695e+00,1.597864865923804611e+00,2.480455870027715548e+01,-6.412509083747863770e-02,1.306879371891459085e+00
3.655036757330830710e+01,7.047610436422560021e+00,3.250300979614257812e+01,1.441365003585815430e+00,4.649366736412048340e-01,1.912900447845458984e+00,9.389124870300292969e+00,1.342316627502441406e+00,1.104295257930659879e+01,1.530699369700058599e+00,2.578555508182473233e+01,4.824079284667968750e+02,1.485393428802490234e+01,4.069705963134765625e+00,1.687588291253624417e+00,2.263105586943797221e+01,-2.038511633872985840e-02,1.308756318369724170e+00
3.086478373403147657e+01,5.976185925709024183e+00,3.341775894165039062e+01,1.476391196250915527e+00,5.065971612930297852e-01,1.951854825019836426e+00,9.521988868713378906e+00,1.354284763336181641e+00,9.988547960464067899e+00,1.377031635978947621e+00,2.395130911885692981e+01,4.582897644042968750e+02,1.601418113708496094e+01,3.984463453292846680e+00,1.740445165710401421e+00,1.917366012857704050e+01,1.628593169152736664e-02,1.280942873298378748e+00
2.286223711718548657e+01,4.986135450854865425e+00,3.388336563110351562e+01,1.470967054367065430e+00,4.731476008892059326e-01,2.277672052383422852e+00,9.498774528503417969e+00,1.352088212966918945e+00,6.932015713868447726e+00,1.206327527761459351e+00,2.103971560551569908e+01,5.334315185546875000e+02,1.625282859802246094e+01,4.148621559143066406e+00,1.835062970565394469e+00,1.674509310304151555e+01,2.660799957811832428e-02,1.393222440361031378e+00
2.737128316791342897e+01,6.543105831838479602e+00,3.220547103881835938e+01,1.391485691070556641e+00,5.834349393844604492e-01,1.865432977676391602e+00,1.012287139892578125e+01,1.386403441429138184e+00,8.932007046764105951e+00,1.554202174362929068e+00,2.305876671241608733e+01,4.220426635742187500e+02,1.614455986022949219e+01,4.229565143585205078e+00,1.724476400317739300e+00,1.944857046018132607e+01,3.818136453628540039e-02,1.350545620438788896e+00
3.123679614555511463e+01,5.720466942224688545e+00,3.106434822082519531e+01,1.371035218238830566e+00,5.342552065849304199e-01,1.860350966453552246e+00,9.547978401184082031e+00,1.387064933776855469e+00,1.165863470009687042e+01,1.549641631219698112e+00,2.438042773735232416e+01,4.522128601074218750e+02,1.570778465270996094e+01,3.995653629302978516e+00,1.681907294856214374e+00,2.041551804285575855e+01,-1.628951914608478546e-02,1.316902713979255291e+00
2.836998920009934722e+01,3.522472856885330739e+00,2.594933319091796875e+01,1.224814176559448242e+00,4.166969060897827148e-01,1.945467114448547363e+00,8.611249923706054688e+00,1.450686812400817871e+00,1.175952864843525347e+01,1.552821080321850955e+00,2.154891127682803642e+01,3.175034484863281250e+02,1.548483467102050781e+01,3.871702194213867188e+00,1.620999815231410013e+00,1.964347846110500484e+01,-1.019427552819252014e-01,1.296189419912275209e+00
3.429096723348136777e+01,1.038527236549685995e+01,2.266388893127441406e+01,1.013984680175781250e+00,5.501115322113037109e-01,1.960618972778320312e+00,9.948973655700683594e+00,1.318888187408447266e+00,1.250106119982912389e+01,1.200355115144149165e+00,2.854619132147895044e+01,5.669171142578125000e+02,1.640152740478515625e+01,3.845490455627441406e+00,1.816644149578522383e+00,2.139427374344615274e+01,4.315666481852531433e-02,1.598976124202230231e+00
3.564706177019491662e+01,1.129526405334407713e+01,2.695660972595214844e+01,1.158974647521972656e+00,5.056204795837402344e-01,1.890379667282104492e+00,9.605427742004394531e+00,1.263138771057128906e+00,1.327181881219572013e+01,1.180107717280802548e+00,2.915849404768510311e+01,5.090638122558593750e+02,1.464901447296142578e+01,3.367240667343139648e+00,1.780869300741967587e+00,2.217078287123744929e+01,-9.945304132997989655e-03,1.560684642092696084e+00
2.274807604379331494e+01,6.588849975586635210e+00,2.570764160156250000e+01,1.082306623458862305e+00,3.740770518779754639e-01,2.135854721069335938e+00,9.799491882324218750e+00,1.348984122276306152e+00,7.768276231042269941e+00,9.221948229748270220e-01,2.074193000793457031e+01,3.429145507812500000e+02,1.705664825439453125e+01,3.794733285903930664e+00,1.775366637718157170e+00,1.643892032103666523e+01,2.349576912820339203e-02,1.480898803446428991e+00
2.866298399420730547e+01,9.153316025171227110e+00,2.912213134765625000e+01,1.194090366363525391e+00,4.443378448486328125e-01,2.721135139465332031e+00,9.866788864135742188e+00,1.338369250297546387e+00,9.977989835631191795e+00,9.579875035130459571e-01,2.531835787347022659e+01,4.749962463378906250e+02,1.819853973388671875e+01,3.835776329040527344e+00,1.751457469017418500e+00,1.430128791331724791e+01,7.027344405651092529e-02,1.615265428552130178e+00
2.661596588447325118e+01,6.137930923019034424e+00,2.649000358581542969e+01,1.193638324737548828e+00,4.912163317203521729e-01,2.370255947113037109e+00,9.560881614685058594e+00,1.365400552749633789e+00,9.279824384429957718e+00,1.288746271444403568e+00,2.299010655577753681e+01,4.232096862792968750e+02,1.688870239257812500e+01,4.038333415985107422e+00,1.712213585599648979e+00,1.704588109132600948e+01,5.082648620009422302e-02,1.571437417321732699e+00
3.849341981312457506e+01,5.842358716941534524e+00,2.413065719604492188e+01,1.103069543838500977e+00,4.632366299629211426e-01,2.793235301971435547e+00,8.842854499816894531e+00,1.409701108932495117e+00,1.279371727433560046e+01,1.500047863825507699e+00,2.692481729719374073e+01,4.926988830566406250e+02,1.753415489196777344e+01,3.845114469528198242e+00,1.714191657757270226e+00,2.348202333755843085e+01,-1.904592290520668030e-02,1.654247625571222624e+00
3.718912980131798918e+01,3.969493340685736005e+00,2.699382209777832031e+01,1.471553564071655273e+00,3.973172008991241455e-01,4.071956157684326172e+00,8.236983299255371094e+00,1.426907420158386230e+00,1.241331126921227046e+01,1.585283493218214712e+00,2.461423664648555842e+01,4.416304931640625000e+02,1.558917522430419922e+01,3.447167396545410156e+00,1.624322597884686692e+00,2.438006911915613983e+01,-1.243888810276985168e-01,1.483641050669556316e+00
3.639308152857326206e+01,1.263290181497743170e+01,3.647467422485351562e+01,1.376241922378540039e+00,4.936820566654205322e-01,4.559927940368652344e+00,9.863293647766113281e+00,1.257135629653930664e+00,1.729972450590330979e+01,1.021606666238411565e+00,3.077634821440044277e+01,7.647338867187500000e+02,2.017779159545898438e+01,3.973608493804931641e+00,1.913299133896724458e+00,1.563861916384714768e+01,1.101082339882850647e-01,2.080110257818259090e+00
3.615173416044431320e+01,7.895043940900547064e+00,2.694384765625000000e+01,1.202227711677551270e+00,4.972381591796875000e-01,5.337387084960937500e+00,1.034448432922363281e+01,1.267373085021972656e+00,1.972223749589575448e+01,1.644431694694187263e+00,3.478438799868347786e+01,4.942451171875000000e+02,1.921778106689453125e+01,3.689247369766235352e+00,1.860634093343474627e+00,2.665237761000597061e+01,3.948748111724853516e-02,2.181727407163284838e+00
4.982596080190253218e+01,7.362601087109382547e+00,2.084897232055664062e+01,1.073281645774841309e+00,5.957264304161071777e-01,4.397853851318359375e+00,9.709499359130859375e+00,1.490656614303588867e+00,1.996063831071676375e+01,2.110288438589676741e+00,3.474237119234525295e+01,3.473390808105468750e+02,2.283701515197753906e+01,4.303529262542724609e+00,1.876785012185782309e+00,3.168255095538980015e+01,3.606453910470008850e-02,2.057984539594486684e+00
4.849346521600660509e+01,9.308807265434356992e+00,1.681282043457031250e+01,8.378246426582336426e-01,5.361026525497436523e-01,3.347856760025024414e+00,9.591470718383789062e+00,1.512668132781982422e+00,1.849415534996991539e+01,1.842979283436484872e+00,3.119719030798935222e+01,2.714681701660156250e+02,2.512017250061035156e+01,4.053983688354492188e+00,1.878715801099828830e+00,3.081317219525439199e+01,1.621070876717567444e-02,1.732614487014913607e+00
3.846128313755318828e+01,1.192736355829639194e+01,1.750949287414550781e+01,7.783518433570861816e-01,6.262781620025634766e-01,2.404601097106933594e+00,1.078489494323730469e+01,1.350849151611328125e+00,2.165276189801617335e+01,1.916783090518868526e+00,3.697262092258619504e+01,3.230910339355468750e+02,2.112145996093750000e+01,3.822560787200927734e+00,2.081117680494204869e+00,3.933337143345219999e+01,-1.619309419766068459e-03,1.918422427570170230e+00
